Experiment,Date,Ping_Target,Tracked_Interface,Fail_Start_Time,Fail_End_Time,Failover_Duration_sec,Ping_Loss_Duration_sec,Total_Pings,Successful_Pings,Lost_Pings,Packet_Loss_Percent,Avg_Latency_ms,Min_Latency_ms,Max_Latency_ms,CPU_Before,CPU_After,Jitter_ms,Median_Latency_ms,Latency_95th_ms,Latency_99th_ms
1,2025-12-12 10:23:52,1.1.1.1,GigabitEthernet0/0,2.29,5.325,3.0352,3.0352,129,126,3,2.3255813953488373,7.422055516924177,4.197597503662109,13.254165649414062,2.0,9.0,1.382,7.252,9.47,10.831
2,2025-12-12 10:24:15,1.1.1.1,GigabitEthernet0/0,2.273,6.323,4.0495,4.0495,133,129,4,3.007518796992481,7.015633028607036,3.635883331298828,15.040397644042969,3.0,14.0,1.566,6.728,9.212,11.281
3,2025-12-12 10:24:40,1.1.1.1,GigabitEthernet0/0,2.243,5.279,3.0362,3.0362,126,123,3,2.380952380952381,7.532329094119188,4.613399505615234,28.331756591796875,7.0,9.0,3.162,6.819,10.043,18.677
4,2025-12-12 10:25:04,1.1.1.1,GigabitEthernet0/0,2.252,6.302,4.0493,4.0493,134,130,4,2.9850746268656714,6.713540737445538,4.285573959350586,11.555194854736328,1.0,11.0,1.28,6.54,8.896,9.775
5,2025-12-12 10:25:28,1.1.1.1,GigabitEthernet0/0,2.24,5.277,3.0364,3.0364,127,124,3,2.3622047244094486,7.383079298080936,4.762172698974609,21.907567977905273,1.0,10.0,2.072,7.024,8.832,15.175
6,2025-12-12 10:25:52,1.1.1.1,GigabitEthernet0/0,2.251,5.288,3.0369,3.0369,131,128,3,2.2900763358778624,6.915491074323654,3.2949447631835938,12.288808822631836,2.0,14.0,1.506,6.775,9.34,10.808
7,2025-12-12 10:26:16,1.1.1.1,GigabitEthernet0/0,2.262,6.311,4.0489,4.0489,134,130,4,2.9850746268656714,6.705727944007287,4.224538803100586,11.384248733520508,2.0,10.0,1.315,6.498,9.156,9.938
8,2025-12-12 10:26:40,1.1.1.1,GigabitEthernet0/0,2.339,5.375,3.0355,3.0355,129,126,3,2.3255813953488373,7.826214744931176,4.195213317871094,19.293785095214844,3.0,14.0,1.883,7.532,10.557,11.492
9,2025-12-12 10:27:04,1.1.1.1,GigabitEthernet0/0,2.247,5.284,3.0366,3.0366,127,124,3,2.3622047244094486,7.503828694743495,4.118680953979492,15.717744827270508,1.0,13.0,1.774,7.192,10.47,12.609
10,2025-12-12 10:27:28,1.1.1.1,GigabitEthernet0/0,2.295,6.36,4.0644,4.0644,125,121,4,3.2,8.206836448228064,4.566431045532227,30.658960342407227,3.0,17.0,4.712,6.761,20.044,28.998
11,2025-12-12 10:27:53,1.1.1.1,GigabitEthernet0/0,2.792,4.816,2.0246,2.0246,129,127,2,1.550387596899225,7.551334035678173,0,23.977041244506836,2.0,10.0,3.015,6.995,11.376,21.399
12,2025-12-12 10:28:17,1.1.1.1,GigabitEthernet0/0,2.316,5.352,3.0361,3.0361,130,127,3,2.307692307692308,7.589313927597887,4.022121429443359,17.676353454589844,2.0,19.0,2.568,6.85,11.824,16.423
13,2025-12-12 10:28:41,1.1.1.1,GigabitEthernet0/0,2.235,5.272,3.0374,3.0374,127,124,3,2.3622047244094486,7.385405801957654,4.502296447753906,30.047893524169922,2.0,12.0,3.464,6.68,11.361,22.322
14,2025-12-12 10:29:04,1.1.1.1,GigabitEthernet0/0,2.257,5.293,3.0368,3.0368,120,117,3,2.5,8.39534783974672,3.9520263671875,26.407480239868164,5.0,13.0,3.885,7.449,18.945,22.504
15,2025-12-12 10:29:28,1.1.1.1,GigabitEthernet0/0,2.233,6.282,4.0495,4.0495,123,119,4,3.2520325203252036,8.171935041411585,3.7987232208251953,23.181915283203125,2.0,10.0,3.205,7.558,12.12,22.212
16,2025-12-12 10:29:52,1.1.1.1,GigabitEthernet0/0,2.298,5.334,3.036,3.036,134,131,3,2.2388059701492535,6.815795680038802,4.320621490478516,12.21609115600586,2.0,14.0,1.445,6.593,9.308,10.835
17,2025-12-12 10:30:16,1.1.1.1,GigabitEthernet0/0,2.275,6.323,4.0478,4.0478,132,128,4,3.0303030303030303,7.133025676012039,4.212856292724609,17.405986785888672,1.0,16.0,1.638,6.775,9.81,10.512
18,2025-12-12 10:30:41,1.1.1.1,GigabitEthernet0/0,2.32,5.356,3.0362,3.0362,129,126,3,2.3255813953488373,7.774487374320863,4.450798034667969,35.454511642456055,5.0,14.0,4.678,6.761,10.925,32.447
19,2025-12-12 10:31:04,1.1.1.1,GigabitEthernet0/0,2.267,5.305,3.0375,3.0375,133,130,3,2.2556390977443606,6.851623608515813,3.8628578186035156,13.768196105957031,3.0,16.0,1.583,6.534,9.458,11.04
20,2025-12-12 10:31:28,1.1.1.1,GigabitEthernet0/0,2.237,6.286,4.0495,4.0495,127,123,4,3.149606299212598,7.459082254549352,4.533052444458008,21.04806900024414,2.0,10.0,1.958,7.076,9.817,10.708
21,2025-12-12 10:31:53,1.1.1.1,GigabitEthernet0/0,2.221,5.258,3.037,3.037,126,123,3,2.380952380952381,7.498551190384036,4.242658615112305,21.228551864624023,1.0,15.0,2.083,7.339,9.926,13.115
22,2025-12-12 10:32:16,1.1.1.1,GigabitEthernet0/0,2.262,5.299,3.0363,3.0363,133,130,3,2.2556390977443606,6.747572238628681,3.9615631103515625,10.978460311889648,1.0,12.0,1.312,6.533,8.916,10.351
23,2025-12-12 10:32:40,1.1.1.1,GigabitEthernet0/0,2.259,5.297,3.0372,3.0372,122,119,3,2.459016393442623,8.157279311107988,4.264593124389648,24.97553825378418,1.0,17.0,3.159,7.49,13.712,18.535
24,2025-12-12 10:33:04,1.1.1.1,GigabitEthernet0/0,2.271,5.309,3.038,3.038,125,122,3,2.4,7.847166452251497,3.736257553100586,32.235145568847656,2.0,13.0,3.797,6.761,13.03,20.88
25,2025-12-12 10:33:27,1.1.1.1,GigabitEthernet0/0,2.274,6.323,4.0488,4.0488,130,126,4,3.076923076923077,7.418933368864513,4.409551620483398,25.907516479492188,1.0,10.0,2.655,6.692,10.237,15.968
26,2025-12-12 10:33:52,1.1.1.1,GigabitEthernet0/0,2.268,5.303,3.0357,3.0357,123,120,3,2.4390243902439024,8.025268713633219,4.806756973266602,25.002002716064453,1.0,11.0,2.998,7.195,13.816,15.931
27,2025-12-12 10:34:16,1.1.1.1,GigabitEthernet0/0,2.268,5.304,3.0363,3.0363,125,122,3,2.4,7.874811281923388,4.097938537597656,24.517059326171875,2.0,13.0,4.143,6.818,20.921,22.85
28,2025-12-12 10:34:40,1.1.1.1,GigabitEthernet0/0,2.223,6.271,4.0484,4.0484,120,116,4,3.3333333333333335,8.33989011830297,4.109621047973633,21.100759506225586,2.0,15.0,3.459,7.245,15.987,19.396
29,2025-12-12 10:35:04,1.1.1.1,GigabitEthernet0/0,2.296,6.346,4.0496,4.0496,133,129,4,3.007518796992481,7.156922835712285,4.131317138671875,19.80137825012207,6.0,10.0,1.924,6.825,9.448,11.168
30,2025-12-12 10:35:29,1.1.1.1,GigabitEthernet0/0,2.229,5.266,3.0363,3.0363,132,129,3,2.272727272727273,6.707276484762976,3.5400390625,12.569189071655273,1.0,12.0,1.536,6.692,9.691,11.365
31,2025-12-12 10:35:53,1.1.1.1,GigabitEthernet0/0,2.257,5.293,3.0365,3.0365,127,124,3,2.3622047244094486,7.487114398710189,4.470586776733398,16.42441749572754,2.0,13.0,2.031,7.093,11.441,13.952
32,2025-12-12 10:36:16,1.1.1.1,GigabitEthernet0/0,2.26,6.309,4.0482,4.0482,131,127,4,3.0534351145038165,7.195559073620894,4.037380218505859,14.45770263671875,2.0,15.0,1.539,7.084,9.54,11.569
33,2025-12-12 10:36:41,1.1.1.1,GigabitEthernet0/0,2.221,5.258,3.0372,3.0372,129,126,3,2.3255813953488373,6.935244514828637,4.629611968994141,23.163795471191406,5.0,10.0,2.687,6.253,10.262,18.773
34,2025-12-12 10:37:05,1.1.1.1,GigabitEthernet0/0,2.231,5.266,3.0359,3.0359,131,128,3,2.2900763358778624,6.801510229706764,3.876209259033203,10.953664779663086,2.0,12.0,1.263,6.545,9.21,10.211
35,2025-12-12 10:37:29,1.1.1.1,GigabitEthernet0/0,2.245,6.296,4.0515,4.0515,133,129,4,3.007518796992481,6.777171940766563,4.268646240234375,13.79847526550293,2.0,11.0,1.323,6.664,8.804,9.847
36,2025-12-12 10:37:53,1.1.1.1,GigabitEthernet0/0,2.218,4.243,2.0245,2.0245,125,123,2,1.6,7.348012148849363,0,15.52724838256836,1.0,13.0,2.107,7.052,10.732,13.477
37,2025-12-12 10:38:17,1.1.1.1,GigabitEthernet0/0,2.293,5.329,3.0366,3.0366,132,129,3,2.272727272727273,7.077119147130685,4.337072372436523,13.422966003417969,2.0,10.0,1.601,6.728,9.54,12.097
38,2025-12-12 10:38:40,1.1.1.1,GigabitEthernet0/0,2.282,5.321,3.0381,3.0381,126,123,3,2.380952380952381,7.6479427213591284,4.594564437866211,26.129722595214844,3.0,12.0,3.286,6.702,12.772,21.664
39,2025-12-12 10:39:04,1.1.1.1,GigabitEthernet0/0,2.24,5.277,3.037,3.037,130,127,3,2.307692307692308,7.025065384511873,3.924131393432617,10.980606079101562,1.0,13.0,1.263,6.857,9.161,10.141
40,2025-12-12 10:39:28,1.1.1.1,GigabitEthernet0/0,2.315,6.363,4.0481,4.0481,130,126,4,3.076923076923077,7.4694932453216065,4.512786865234375,23.257732391357422,2.0,8.0,2.638,6.966,11.792,15.482
41,2025-12-12 10:39:52,1.1.1.1,GigabitEthernet0/0,2.298,6.345,4.0468,4.0468,123,119,4,3.2520325203252036,8.331679496444574,4.233360290527344,31.965255737304688,1.0,8.0,4.63,7.061,20.509,26.851
42,2025-12-12 10:40:17,1.1.1.1,GigabitEthernet0/0,2.37,6.424,4.0534,4.0534,128,124,4,3.125,8.338347558052309,3.504037857055664,29.29234504699707,3.0,12.0,4.28,7.251,19.846,24.218
43,2025-12-12 10:40:42,1.1.1.1,GigabitEthernet0/0,2.264,5.301,3.0369,3.0369,125,122,3,2.4,7.742096166141698,4.211187362670898,14.515161514282227,2.0,14.0,1.834,7.361,10.731,12.675
44,2025-12-12 10:41:06,1.1.1.1,GigabitEthernet0/0,2.232,6.28,4.0483,4.0483,121,117,4,3.3057851239669422,8.423391570392837,4.273891448974609,27.658462524414062,1.0,13.0,3.944,7.639,11.762,25.196
45,2025-12-12 10:41:30,1.1.1.1,GigabitEthernet0/0,2.229,5.266,3.0365,3.0365,129,126,3,2.3255813953488373,7.058416094098773,3.858327865600586,22.17555046081543,2.0,14.0,2.059,6.796,10.177,11.252
46,2025-12-12 10:41:54,1.1.1.1,GigabitEthernet0/0,2.245,5.281,3.0362,3.0362,127,124,3,2.3622047244094486,7.509866068440099,4.643917083740234,16.019344329833984,2.0,13.0,1.981,7.094,11.335,12.88
47,2025-12-12 10:42:17,1.1.1.1,GigabitEthernet0/0,2.243,5.279,3.0358,3.0358,133,130,3,2.2556390977443606,6.695026617783767,3.6923885345458984,17.9443359375,1.0,14.0,1.672,6.527,9.215,10.103
48,2025-12-12 10:42:41,1.1.1.1,GigabitEthernet0/0,2.328,5.364,3.0357,3.0357,135,132,3,2.2222222222222223,6.903850671016809,4.281759262084961,13.492107391357422,9.0,14.0,1.476,6.72,9.36,11.084
49,2025-12-12 10:43:05,1.1.1.1,GigabitEthernet0/0,2.305,6.354,4.0494,4.0494,130,126,4,3.076923076923077,7.603575312902057,4.523277282714844,12.312173843383789,2.0,9.0,1.701,7.326,10.582,11.192
50,2025-12-12 10:43:29,1.1.1.1,GigabitEthernet0/0,2.216,6.263,4.0472,4.0472,124,120,4,3.225806451612903,7.866537570953369,4.562616348266602,19.69313621520996,1.0,15.0,2.43,7.349,12.74,14.725
51,2025-12-12 10:43:54,1.1.1.1,GigabitEthernet0/0,2.273,5.309,3.036,3.036,131,128,3,2.2900763358778624,7.119663059711456,4.691123962402344,15.218019485473633,2.0,14.0,1.761,6.652,10.21,12.392
52,2025-12-12 10:44:18,1.1.1.1,GigabitEthernet0/0,2.316,5.359,3.0425,3.0425,117,114,3,2.564102564102564,9.340336448267886,4.22215461730957,50.02903938293457,3.0,16.0,6.871,7.333,21.844,33.641
53,2025-12-12 10:44:42,1.1.1.1,GigabitEthernet0/0,2.244,6.292,4.0483,4.0483,130,126,4,3.076923076923077,7.176594128684392,4.479169845581055,14.682531356811523,2.0,10.0,1.66,7.0,9.535,12.923
54,2025-12-12 10:45:07,1.1.1.1,GigabitEthernet0/0,2.244,6.293,4.0488,4.0488,125,121,4,3.2,7.693810896439985,3.9365291595458984,17.243623733520508,2.0,10.0,2.227,6.999,11.799,13.723
55,2025-12-12 10:45:31,1.1.1.1,GigabitEthernet0/0,2.306,6.354,4.0481,4.0481,133,129,4,3.007518796992481,7.258221160533816,4.157781600952148,28.988361358642578,2.0,14.0,2.383,6.808,9.824,11.382
56,2025-12-12 10:45:56,1.1.1.1,GigabitEthernet0/0,2.285,6.333,4.0487,4.0487,130,126,4,3.076923076923077,7.404503368196034,4.540205001831055,21.939992904663086,3.0,10.0,2.786,6.978,10.001,21.006
57,2025-12-12 10:46:21,1.1.1.1,GigabitEthernet0/0,2.26,5.297,3.0363,3.0363,131,128,3,2.2900763358778624,7.000673562288284,3.6773681640625,14.85133171081543,2.0,13.0,1.537,6.802,9.667,10.011
58,2025-12-12 10:46:45,1.1.1.1,GigabitEthernet0/0,2.22,5.256,3.0357,3.0357,130,127,3,2.307692307692308,6.894342542633297,4.526853561401367,15.878438949584961,4.0,13.0,1.679,6.53,9.853,11.191
59,2025-12-12 10:47:08,1.1.1.1,GigabitEthernet0/0,2.22,6.268,4.0482,4.0482,127,123,4,3.149606299212598,7.408380508422852,4.4956207275390625,17.871379852294922,2.0,11.0,2.202,6.981,11.89,13.775
60,2025-12-12 10:47:33,1.1.1.1,GigabitEthernet0/0,2.281,6.329,4.0477,4.0477,131,127,4,3.0534351145038165,7.3011616083580675,3.9849281311035156,20.57671546936035,3.0,13.0,1.895,7.182,10.181,10.965
61,2025-12-12 10:47:58,1.1.1.1,GigabitEthernet0/0,2.249,5.285,3.0362,3.0362,125,122,3,2.4,7.832534977647125,4.230976104736328,37.37664222717285,2.0,11.0,3.561,7.166,11.619,18.281
62,2025-12-12 10:48:21,1.1.1.1,GigabitEthernet0/0,2.29,6.338,4.0478,4.0478,133,129,4,3.007518796992481,7.072883058888044,3.586292266845703,11.77978515625,3.0,20.0,1.69,6.732,9.97,10.526
63,2025-12-12 10:48:46,1.1.1.1,GigabitEthernet0/0,2.397,5.436,3.0397,3.0397,134,131,3,2.2388059701492535,7.509484545875142,3.8864612579345703,24.0786075592041,6.0,13.0,3.242,6.568,12.221,21.055
64,2025-12-12 10:49:10,1.1.1.1,GigabitEthernet0/0,2.296,6.345,4.0488,4.0488,131,127,4,3.0534351145038165,7.3765469348336765,4.558801651000977,26.045799255371094,2.0,9.0,2.5,6.982,9.903,12.7
65,2025-12-12 10:49:34,1.1.1.1,GigabitEthernet0/0,2.382,5.42,3.0382,3.0382,132,129,3,2.272727272727273,7.633552994838981,4.542350769042969,16.716480255126953,2.0,16.0,2.047,7.298,11.38,13.347
66,2025-12-12 10:49:58,1.1.1.1,GigabitEthernet0/0,2.223,6.272,4.0492,4.0492,119,115,4,3.361344537815126,8.599979981132176,3.946542739868164,28.736591339111328,2.0,11.0,4.81,6.8,19.654,27.334
67,2025-12-12 10:50:23,1.1.1.1,GigabitEthernet0/0,2.234,6.281,4.0467,4.0467,125,121,4,3.2,7.601401037421108,4.412651062011719,24.20639991760254,2.0,16.0,3.2,6.865,14.202,20.68
68,2025-12-12 10:50:48,1.1.1.1,GigabitEthernet0/0,2.374,5.409,3.0358,3.0358,126,123,3,2.380952380952381,8.24788333923836,5.109310150146484,20.265579223632812,3.0,19.0,2.579,7.684,13.245,16.026
69,2025-12-12 10:51:12,1.1.1.1,GigabitEthernet0/0,2.243,5.279,3.036,3.036,133,130,3,2.2556390977443606,6.671434182387132,4.530429840087891,13.417482376098633,3.0,14.0,1.376,6.577,8.719,9.61
70,2025-12-12 10:51:35,1.1.1.1,GigabitEthernet0/0,2.247,5.284,3.0369,3.0369,129,126,3,2.3255813953488373,7.183273633321126,4.248142242431641,14.578104019165039,2.0,12.0,1.828,6.793,10.305,12.484
71,2025-12-12 10:51:59,1.1.1.1,GigabitEthernet0/0,2.288,6.336,4.0478,4.0478,128,124,4,3.125,7.743093275254773,3.955841064453125,14.701128005981445,5.0,14.0,2.018,7.308,11.167,12.034
72,2025-12-12 10:52:24,1.1.1.1,GigabitEthernet0/0,2.238,5.273,3.0351,3.0351,125,122,3,2.4,7.623054942146677,4.488468170166016,26.619911193847656,2.0,8.0,3.56,6.808,9.557,23.307
73,2025-12-12 10:52:47,1.1.1.1,GigabitEthernet0/0,2.327,6.374,4.0473,4.0473,135,131,4,2.9629629629629632,7.1208950217443565,3.9284229278564453,11.352777481079102,3.0,13.0,1.398,6.858,9.605,10.731
74,2025-12-12 10:53:12,1.1.1.1,GigabitEthernet0/0,2.257,5.294,3.0366,3.0366,129,126,3,2.3255813953488373,7.304833048865909,3.967761993408203,13.885259628295898,2.0,13.0,1.803,6.757,10.581,11.756
75,2025-12-12 10:53:36,1.1.1.1,GigabitEthernet0/0,2.258,5.338,3.0803,3.0803,81,78,3,3.7037037037037033,7.31196464636387,5.156755447387695,11.008262634277344,2.0,12.0,1.24,7.301,9.143,10.762
76,2025-12-12 10:54:00,1.1.1.1,GigabitEthernet0/0,2.278,6.387,4.1093,4.1093,83,79,4,4.819277108433735,7.86482533322105,4.674196243286133,48.61783981323242,1.0,9.0,4.979,6.88,11.013,15.9
77,2025-12-12 10:54:24,1.1.1.1,GigabitEthernet0/0,2.253,6.353,4.1004,4.1004,80,76,4,5.0,9.498354635740581,4.7168731689453125,30.289888381958008,1.0,8.0,5.005,8.279,18.301,27.92
78,2025-12-12 10:54:49,1.1.1.1,GigabitEthernet0/0,2.248,5.313,3.0656,3.0656,76,73,3,3.9473684210526314,8.92698928101422,4.828214645385742,37.84990310668945,3.0,11.0,5.942,6.984,20.458,30.491
79,2025-12-12 10:55:13,1.1.1.1,GigabitEthernet0/0,2.256,5.333,3.0764,3.0764,81,78,3,3.7037037037037033,7.685514596792368,4.595518112182617,13.811111450195312,6.0,12.0,2.165,7.139,12.769,13.465
80,2025-12-12 10:55:37,1.1.1.1,GigabitEthernet0/0,2.283,5.357,3.0732,3.0732,80,77,3,3.75,7.86863983451546,3.500223159790039,27.205467224121094,2.0,12.0,3.832,6.963,13.66,26.205
81,2025-12-12 10:56:00,1.1.1.1,GigabitEthernet0/0,2.28,6.386,4.1062,4.1062,82,78,4,4.878048780487805,8.66554027948624,4.746913909912109,31.67724609375,2.0,9.0,5.303,7.164,20.438,31.66
82,2025-12-12 10:56:25,1.1.1.1,GigabitEthernet0/0,2.27,5.356,3.0863,3.0863,80,77,3,3.75,7.9786344008012255,5.234956741333008,23.881912231445312,1.0,15.0,2.907,7.257,11.561,18.538
83,2025-12-12 10:56:49,1.1.1.1,GigabitEthernet0/0,2.415,5.501,3.0862,3.0862,85,82,3,3.5294117647058822,7.761210930056688,4.677534103393555,21.536827087402344,3.0,12.0,2.565,7.158,9.988,19.409
84,2025-12-12 10:57:13,1.1.1.1,GigabitEthernet0/0,2.216,6.318,4.102,4.102,81,77,4,4.938271604938271,7.496660405939275,4.427671432495117,18.3713436126709,2.0,8.0,2.326,6.94,12.427,14.599
85,2025-12-12 10:57:37,1.1.1.1,GigabitEthernet0/0,2.226,6.319,4.0928,4.0928,80,76,4,5.0,6.960435917502956,4.504203796386719,18.92256736755371,2.0,12.0,2.008,6.61,10.004,11.404
86,2025-12-12 10:58:02,1.1.1.1,GigabitEthernet0/0,2.257,5.344,3.0873,3.0873,84,81,3,3.571428571428571,6.968103809121215,4.388093948364258,10.898590087890625,1.0,10.0,1.347,6.834,8.718,10.741
87,2025-12-12 10:58:26,1.1.1.1,GigabitEthernet0/0,2.273,6.345,4.0714,4.0714,79,75,4,5.063291139240507,8.38467280069987,4.347801208496094,21.315336227416992,2.0,15.0,3.039,7.837,14.343,21.108
88,2025-12-12 10:58:51,1.1.1.1,GigabitEthernet0/0,2.257,6.372,4.1146,4.1146,84,80,4,4.761904761904762,7.217642664909363,4.399776458740234,10.792732238769531,8.0,11.0,1.511,7.102,9.723,10.622
89,2025-12-12 10:59:16,1.1.1.1,GigabitEthernet0/0,2.242,5.321,3.0789,3.0789,80,77,3,3.75,7.387675248183213,4.753828048706055,12.206554412841797,3.0,8.0,1.408,7.491,9.883,10.154
90,2025-12-12 10:59:40,1.1.1.1,GigabitEthernet0/0,2.225,5.298,3.0724,3.0724,80,77,3,3.75,8.65849581631747,4.432439804077148,17.123699188232422,1.0,15.0,2.707,8.244,12.679,17.059
91,2025-12-12 11:00:03,1.1.1.1,GigabitEthernet0/0,2.23,5.302,3.0722,3.0722,76,73,3,3.9473684210526314,9.516004013688597,4.460811614990234,29.168128967285156,2.0,13.0,5.364,7.499,22.912,25.455
92,2025-12-12 11:00:27,1.1.1.1,GigabitEthernet0/0,2.297,5.373,3.0757,3.0757,81,78,3,3.7037037037037033,8.663580967829777,4.385948181152344,30.941009521484375,2.0,9.0,5.133,7.046,21.151,28.908
93,2025-12-12 11:00:51,1.1.1.1,GigabitEthernet0/0,2.253,6.363,4.1108,4.1108,79,75,4,5.063291139240507,8.376150131225586,4.435539245605469,22.919654846191406,2.0,11.0,4.062,6.901,18.613,20.966
94,2025-12-12 11:01:16,1.1.1.1,GigabitEthernet0/0,2.273,5.361,3.0879,3.0879,81,78,3,3.7037037037037033,7.082731295854617,3.977060317993164,12.75324821472168,2.0,9.0,1.715,6.82,10.115,11.917
95,2025-12-12 11:01:40,1.1.1.1,GigabitEthernet0/0,2.273,5.346,3.0728,3.0728,80,77,3,3.75,8.184374152839958,4.176855087280273,29.922962188720703,2.0,15.0,3.862,7.326,12.681,24.602
96,2025-12-12 11:02:03,1.1.1.1,GigabitEthernet0/0,2.333,6.431,4.0983,4.0983,85,81,4,4.705882352941177,7.250774053879726,4.4078826904296875,11.765480041503906,2.0,12.0,1.463,7.069,9.641,11.512
97,2025-12-12 11:02:28,1.1.1.1,GigabitEthernet0/0,2.302,5.381,3.0796,3.0796,84,81,3,3.571428571428571,7.281209215705777,4.32896614074707,10.514974594116211,1.0,16.0,1.227,7.198,9.385,10.195
98,2025-12-12 11:02:52,1.1.1.1,GigabitEthernet0/0,2.321,3.339,1.0182,1.0182,82,81,1,1.2195121951219512,7.929925565366392,0,13.053178787231445,2.0,,1.78,7.828,10.293,12.814
99,2025-12-12 11:03:14,1.1.1.1,GigabitEthernet0/0,2.225,5.29,3.0649,3.0649,79,76,3,3.79746835443038,8.37022066116333,5.076408386230469,20.09296417236328,,11.0,2.402,7.868,11.729,15.154
100,2025-12-12 11:03:38,1.1.1.1,GigabitEthernet0/0,2.275,6.374,4.0991,4.0991,84,80,4,4.761904761904762,8.010336756706238,4.304170608520508,16.813278198242188,2.0,13.0,2.091,7.622,11.498,13.592
101,2025-12-12 11:04:03,1.1.1.1,GigabitEthernet0/0,2.27,5.324,3.0536,3.0536,81,78,3,3.7037037037037033,7.458249727884929,4.117250442504883,13.103485107421875,4.0,12.0,1.521,7.048,10.001,10.716
102,2025-12-12 11:04:27,1.1.1.1,GigabitEthernet0/0,2.256,6.373,4.1161,4.1161,80,76,4,5.0,8.684537912669935,4.773855209350586,26.697158813476562,2.0,15.0,3.914,7.581,13.306,24.821
103,2025-12-12 11:04:51,1.1.1.1,GigabitEthernet0/0,2.216,5.288,3.072,3.072,78,75,3,3.8461538461538463,8.884773254394531,3.9098262786865234,20.949125289916992,6.0,16.0,3.133,8.039,14.132,20.723
104,2025-12-12 11:05:15,1.1.1.1,GigabitEthernet0/0,2.261,6.363,4.1015,4.1015,83,79,4,4.819277108433735,8.00265843355203,4.20069694519043,15.895366668701172,2.0,8.0,2.267,7.658,12.948,14.672
105,2025-12-12 11:05:40,1.1.1.1,GigabitEthernet0/0,2.339,5.413,3.0733,3.0733,82,79,3,3.6585365853658534,9.467155118531819,4.743814468383789,31.94403648376465,1.0,15.0,5.916,7.321,24.375,30.564
106,2025-12-12 11:06:04,1.1.1.1,GigabitEthernet0/0,2.28,6.391,4.1113,4.1113,77,73,4,5.194805194805195,9.570141361184316,5.342960357666016,32.529592514038086,1.0,11.0,5.533,7.68,21.289,28.773
107,2025-12-12 11:06:29,1.1.1.1,GigabitEthernet0/0,2.308,5.388,3.0794,3.0794,83,80,3,3.614457831325301,7.483190298080444,4.016399383544922,13.296127319335938,2.0,14.0,1.568,7.279,10.36,12.287
108,2025-12-12 11:06:52,1.1.1.1,GigabitEthernet0/0,2.268,5.327,3.0589,3.0589,80,77,3,3.75,9.691897924844321,5.121946334838867,31.789064407348633,4.0,7.0,4.461,8.388,18.096,24.695
109,2025-12-12 11:07:16,1.1.1.1,GigabitEthernet0/0,2.25,5.333,3.0829,3.0829,76,73,3,3.9473684210526314,9.482207363598967,4.966020584106445,23.908615112304688,2.0,13.0,3.981,8.124,19.156,22.328
110,2025-12-12 11:07:40,1.1.1.1,GigabitEthernet0/0,2.276,5.366,3.0899,3.0899,82,79,3,3.6585365853658534,7.476679886443706,4.773378372192383,13.024091720581055,2.0,15.0,1.496,7.374,9.652,11.442
111,2025-12-12 11:08:04,1.1.1.1,GigabitEthernet0/0,2.248,5.302,3.0539,3.0539,91,88,3,3.296703296703297,7.778538898988203,4.651308059692383,12.894392013549805,3.0,11.0,1.742,7.501,10.924,12.755
112,2025-12-12 11:08:27,1.1.1.1,GigabitEthernet0/0,2.297,6.41,4.1132,4.1132,80,76,4,5.0,8.139174235494513,5.2776336669921875,23.436784744262695,2.0,9.0,2.832,7.407,12.243,18.436
113,2025-12-12 11:08:52,1.1.1.1,GigabitEthernet0/0,2.267,5.348,3.0809,3.0809,87,84,3,3.4482758620689653,7.460117340087891,4.959583282470703,15.42353630065918,2.0,13.0,1.744,7.268,9.594,14.174
114,2025-12-12 11:09:16,1.1.1.1,GigabitEthernet0/0,2.232,6.344,4.1114,4.1114,79,75,4,5.063291139240507,7.248376210530599,4.714727401733398,16.071796417236328,2.0,14.0,1.71,6.958,9.885,11.163
115,2025-12-12 11:09:41,1.1.1.1,GigabitEthernet0/0,2.286,5.351,3.0651,3.0651,83,80,3,3.614457831325301,7.2816163301467896,4.518270492553711,13.48876953125,2.0,13.0,1.55,7.026,10.501,11.042
116,2025-12-12 11:10:04,1.1.1.1,GigabitEthernet0/0,2.31,6.409,4.0992,4.0992,82,78,4,4.878048780487805,8.161590649531437,4.519224166870117,23.74100685119629,2.0,12.0,3.466,7.084,15.728,20.521
117,2025-12-12 11:10:29,1.1.1.1,GigabitEthernet0/0,2.268,5.345,3.0768,3.0768,79,76,3,3.79746835443038,8.52957524751362,4.687070846557617,27.28748321533203,1.0,15.0,4.007,7.521,16.09,26.382
118,2025-12-12 11:10:53,1.1.1.1,GigabitEthernet0/0,2.305,5.389,3.084,3.084,81,78,3,3.7037037037037033,7.135724410032615,4.658937454223633,22.857666015625,2.0,14.0,2.416,6.698,11.4,12.784
119,2025-12-12 11:11:17,1.1.1.1,GigabitEthernet0/0,2.297,6.393,4.0954,4.0954,79,75,4,5.063291139240507,10.264069239298502,4.63104248046875,38.312673568725586,3.0,8.0,6.01,7.841,21.991,29.595
120,2025-12-12 11:11:42,1.1.1.1,GigabitEthernet0/0,2.378,5.462,3.0847,3.0847,79,76,3,3.79746835443038,9.803342191796554,4.68134880065918,38.61093521118164,3.0,10.0,6.7,7.632,23.489,34.895
121,2025-12-12 11:12:05,1.1.1.1,GigabitEthernet0/0,2.301,5.376,3.0747,3.0747,86,83,3,3.488372093023256,7.409874215183488,3.9899349212646484,13.770341873168945,1.0,15.0,1.875,6.96,10.692,13.193
122,2025-12-12 11:12:29,1.1.1.1,GigabitEthernet0/0,2.289,5.352,3.0628,3.0628,83,80,3,3.614457831325301,7.358571887016296,5.062103271484375,10.903120040893555,3.0,16.0,1.254,7.254,9.47,9.885
123,2025-12-12 11:12:53,1.1.1.1,GigabitEthernet0/0,2.347,4.392,2.0447,2.0447,82,80,2,2.4390243902439024,8.791223168373108,0,31.16607666015625,1.0,9.0,4.1,7.904,12.518,30.936
124,2025-12-12 11:13:17,1.1.1.1,GigabitEthernet0/0,2.235,5.317,3.0819,3.0819,80,77,3,3.75,7.510792125355113,4.673480987548828,16.977548599243164,2.0,12.0,2.147,7.069,10.639,14.121
125,2025-12-12 11:13:41,1.1.1.1,GigabitEthernet0/0,2.274,5.341,3.0669,3.0669,79,76,3,3.79746835443038,7.522084211048327,3.987550735473633,14.337778091430664,2.0,14.0,2.043,7.052,11.079,12.809
126,2025-12-12 11:14:04,1.1.1.1,GigabitEthernet0/0,2.282,6.384,4.1021,4.1021,81,77,4,4.938271604938271,8.52719529882654,5.2967071533203125,28.78284454345703,5.0,12.0,3.493,7.551,13.315,21.572
127,2025-12-12 11:14:29,1.1.1.1,GigabitEthernet0/0,2.308,6.399,4.0909,4.0909,82,78,4,4.878048780487805,7.208081392141489,4.972219467163086,13.004302978515625,6.0,10.0,1.477,7.034,9.835,10.677
128,2025-12-12 11:14:54,1.1.1.1,GigabitEthernet0/0,2.234,5.305,3.0709,3.0709,77,74,3,3.896103896103896,7.113859460160539,4.606008529663086,11.04879379272461,1.0,11.0,1.456,6.803,9.789,10.648
129,2025-12-12 11:15:18,1.1.1.1,GigabitEthernet0/0,2.267,5.347,3.0799,3.0799,79,76,3,3.79746835443038,8.340330500351754,4.602670669555664,27.14848518371582,2.0,15.0,3.92,7.258,14.667,26.498
130,2025-12-12 11:15:42,1.1.1.1,GigabitEthernet0/0,2.381,5.446,3.0655,3.0655,84,81,3,3.571428571428571,8.057367654494298,4.893302917480469,16.040325164794922,1.0,14.0,2.144,7.533,12.351,15.794
131,2025-12-12 11:16:06,1.1.1.1,GigabitEthernet0/0,2.278,5.35,3.0711,3.0711,81,78,3,3.7037037037037033,7.694421670375726,4.728078842163086,22.33600616455078,2.0,13.0,2.135,7.427,9.796,11.279
132,2025-12-12 11:16:29,1.1.1.1,GigabitEthernet0/0,2.311,6.419,4.1088,4.1088,81,77,4,4.938271604938271,8.053736253218217,4.156827926635742,19.660472869873047,2.0,15.0,2.956,7.393,14.677,17.149
133,2025-12-12 11:16:54,1.1.1.1,GigabitEthernet0/0,2.259,6.346,4.0865,4.0865,78,74,4,5.128205128205128,8.62454401480185,4.829645156860352,30.208826065063477,2.0,8.0,4.476,7.414,14.246,28.952
134,2025-12-12 11:17:19,1.1.1.1,GigabitEthernet0/0,2.252,5.325,3.0725,3.0725,78,75,3,3.8461538461538463,8.276201883951822,4.440546035766602,29.071807861328125,2.0,16.0,3.969,6.988,16.995,20.401
135,2025-12-12 11:17:43,1.1.1.1,GigabitEthernet0/0,2.243,6.34,4.0973,4.0973,80,76,4,5.0,7.682841075094123,4.391670227050781,22.055625915527344,5.0,12.0,3.155,6.871,14.297,21.39
136,2025-12-12 11:18:08,1.1.1.1,GigabitEthernet0/0,2.322,5.384,3.0617,3.0617,81,78,3,3.7037037037037033,7.944290454571064,3.7953853607177734,23.0257511138916,2.0,11.0,3.423,7.098,14.841,20.831
137,2025-12-12 11:18:31,1.1.1.1,GigabitEthernet0/0,2.272,5.343,3.0706,3.0706,78,75,3,3.8461538461538463,7.536382675170898,4.5642852783203125,14.464139938354492,3.0,14.0,1.898,7.088,10.933,13.411
138,2025-12-12 11:18:55,1.1.1.1,GigabitEthernet0/0,2.279,5.367,3.0881,3.0881,80,77,3,3.75,7.608553031822304,4.112005233764648,14.193296432495117,3.0,13.0,1.95,7.084,13.044,13.62
139,2025-12-12 11:19:19,1.1.1.1,GigabitEthernet0/0,2.254,5.334,3.0796,3.0796,80,77,3,3.75,8.04660227391627,4.280567169189453,17.049789428710938,6.0,11.0,2.175,7.444,12.448,14.488
140,2025-12-12 11:19:43,1.1.1.1,GigabitEthernet0/0,2.268,6.374,4.1062,4.1062,83,79,4,4.819277108433735,7.26369966434527,4.950523376464844,12.167215347290039,3.0,8.0,1.505,6.94,10.064,11.457
141,2025-12-12 11:20:08,1.1.1.1,GigabitEthernet0/0,2.282,6.393,4.1111,4.1111,84,80,4,4.761904761904762,7.1832239627838135,4.799604415893555,13.282299041748047,2.0,10.0,1.633,6.947,10.067,11.496
142,2025-12-12 11:20:33,1.1.1.1,GigabitEthernet0/0,2.241,5.326,3.085,3.085,79,76,3,3.79746835443038,7.354369288996646,4.672765731811523,13.911247253417969,2.0,15.0,1.86,6.907,10.561,13.493
143,2025-12-12 11:20:56,1.1.1.1,GigabitEthernet0/0,2.288,5.358,3.0696,3.0696,94,91,3,3.1914893617021276,8.392682442298302,4.982948303222656,26.404380798339844,2.0,13.0,3.164,7.668,12.018,21.531
144,2025-12-12 11:21:20,1.1.1.1,GigabitEthernet0/0,2.217,5.29,3.0729,3.0729,76,73,3,3.9473684210526314,9.28179531881254,5.211830139160156,21.922588348388672,2.0,15.0,3.29,8.104,14.933,21.145
145,2025-12-12 11:21:44,1.1.1.1,GigabitEthernet0/0,2.289,5.362,3.0738,3.0738,80,77,3,3.75,7.057672971254819,4.581212997436523,10.549783706665039,1.0,11.0,1.186,7.146,8.663,10.133
146,2025-12-12 11:22:07,1.1.1.1,GigabitEthernet0/0,2.267,6.366,4.0988,4.0988,83,79,4,4.819277108433735,7.528637028947661,4.569292068481445,14.341592788696289,2.0,14.0,2.156,6.913,11.366,14.177
147,2025-12-12 11:22:32,1.1.1.1,GigabitEthernet0/0,2.302,5.385,3.0827,3.0827,81,78,3,3.7037037037037033,8.75552495320638,4.904747009277344,39.212703704833984,5.0,12.0,5.448,7.162,22.192,23.321
148,2025-12-12 11:22:56,1.1.1.1,GigabitEthernet0/0,2.364,5.448,3.0833,3.0833,83,80,3,3.614457831325301,8.309915661811829,0,28.435230255126953,2.0,16.0,4.746,6.997,18.797,27.914
149,2025-12-12 11:23:20,1.1.1.1,GigabitEthernet0/0,2.238,5.321,3.0826,3.0826,81,78,3,3.7037037037037033,7.697673944326548,5.062580108642578,12.888193130493164,2.0,13.0,1.431,7.656,10.513,11.069
150,2025-12-12 11:23:44,1.1.1.1,GigabitEthernet0/0,2.264,5.343,3.0781,3.0781,81,78,3,3.7037037037037033,7.649760979872483,3.9415359497070312,13.181209564208984,3.0,16.0,1.764,7.489,10.464,11.775
151,2025-12-12 11:24:07,1.1.1.1,GigabitEthernet0/0,2.279,5.354,3.0746,3.0746,78,75,3,3.8461538461538463,8.18674405415853,4.5146942138671875,27.318716049194336,1.0,13.0,2.871,7.679,11.243,13.084
152,2025-12-12 11:24:31,1.1.1.1,GigabitEthernet0/0,2.27,6.372,4.1014,4.1014,83,79,4,4.819277108433735,7.819860796385173,5.300283432006836,19.182682037353516,2.0,11.0,2.289,7.294,12.493,13.454
153,2025-12-12 11:24:56,1.1.1.1,GigabitEthernet0/0,2.229,5.295,3.0662,3.0662,78,75,3,3.8461538461538463,8.544298807779947,5.000829696655273,23.145675659179688,3.0,12.0,3.182,7.963,13.441,19.21
154,2025-12-12 11:25:20,1.1.1.1,GigabitEthernet0/0,2.265,5.338,3.0727,3.0727,78,75,3,3.8461538461538463,8.378318150838217,5.23686408996582,23.140907287597656,2.0,15.0,3.306,7.064,16.331,18.838
155,2025-12-12 11:25:44,1.1.1.1,GigabitEthernet0/0,2.306,5.383,3.0772,3.0772,84,81,3,3.571428571428571,7.582072858457212,5.004405975341797,35.91585159301758,3.0,14.0,3.499,7.067,9.517,11.528
156,2025-12-12 11:26:07,1.1.1.1,GigabitEthernet0/0,2.24,5.317,3.0767,3.0767,77,74,3,3.896103896103896,8.438310107669315,5.171298980712891,22.47786521911621,2.0,11.0,3.081,7.331,12.808,18.807
157,2025-12-12 11:26:31,1.1.1.1,GigabitEthernet0/0,2.306,6.41,4.1039,4.1039,84,80,4,4.761904761904762,7.879924774169922,4.724740982055664,13.571977615356445,2.0,13.0,1.571,7.727,10.491,11.179
158,2025-12-12 11:26:56,1.1.1.1,GigabitEthernet0/0,2.333,6.425,4.0915,4.0915,79,75,4,5.063291139240507,9.166682561238607,4.876613616943359,44.243812561035156,3.0,19.0,5.923,7.491,15.244,27.341
159,2025-12-12 11:27:21,1.1.1.1,GigabitEthernet0/0,2.272,5.35,3.0782,3.0782,78,75,3,3.8461538461538463,7.924048105875651,4.451513290405273,24.94955062866211,3.0,7.0,3.271,7.195,12.583,20.818
160,2025-12-12 11:27:45,1.1.1.1,GigabitEthernet0/0,2.27,5.35,3.08,3.08,77,74,3,3.896103896103896,8.789739093265018,4.744052886962891,44.7845458984375,3.0,13.0,4.8,7.745,12.106,16.893
161,2025-12-12 11:28:08,1.1.1.1,GigabitEthernet0/0,2.323,5.394,3.0704,3.0704,79,76,3,3.79746835443038,9.737808453409295,4.098415374755859,61.377763748168945,3.0,14.0,8.058,7.2,22.648,29.427
162,2025-12-12 11:28:32,1.1.1.1,GigabitEthernet0/0,2.314,6.392,4.0777,4.0777,82,78,4,4.878048780487805,8.705380635383802,3.9577484130859375,29.535770416259766,4.0,15.0,4.882,7.439,23.192,28.599
163,2025-12-12 11:28:57,1.1.1.1,GigabitEthernet0/0,2.283,5.361,3.0773,3.0773,81,78,3,3.7037037037037033,7.513052377945337,4.398345947265625,21.942853927612305,1.0,8.0,2.613,6.853,10.169,19.701
164,2025-12-12 11:29:21,1.1.1.1,GigabitEthernet0/0,2.248,6.354,4.1065,4.1065,80,76,4,5.0,8.021323304427298,4.507541656494141,23.337364196777344,3.0,12.0,2.939,7.477,13.59,16.827
165,2025-12-12 11:29:46,1.1.1.1,GigabitEthernet0/0,2.28,6.377,4.0965,4.0965,84,80,4,4.761904761904762,7.496961951255798,4.492998123168945,13.140678405761719,2.0,10.0,1.878,7.081,11.293,12.416
166,2025-12-12 11:30:11,1.1.1.1,GigabitEthernet0/0,2.284,6.382,4.0978,4.0978,87,83,4,4.597701149425287,7.158466132290392,4.242658615112305,15.746831893920898,1.0,11.0,1.777,6.9,10.309,11.187
167,2025-12-12 11:30:35,1.1.1.1,GigabitEthernet0/0,2.234,5.314,3.0798,3.0798,81,78,3,3.7037037037037033,7.474777026054187,4.628181457519531,12.660503387451172,1.0,14.0,1.457,7.311,10.111,11.946
168,2025-12-12 11:30:59,1.1.1.1,GigabitEthernet0/0,2.299,6.392,4.0936,4.0936,85,81,4,4.705882352941177,7.766223248140312,3.9064884185791016,14.907598495483398,5.0,11.0,1.968,7.385,11.075,13.612
169,2025-12-12 11:31:24,1.1.1.1,GigabitEthernet0/0,2.247,6.356,4.1087,4.1087,80,76,4,5.0,8.218040591792056,4.168033599853516,20.032644271850586,2.0,10.0,3.178,7.19,14.082,18.782
170,2025-12-12 11:31:49,1.1.1.1,GigabitEthernet0/0,2.252,5.331,3.0792,3.0792,79,76,3,3.79746835443038,8.174861732282137,3.6733150482177734,26.4892578125,2.0,13.0,4.125,7.017,12.309,25.897
171,2025-12-12 11:32:13,1.1.1.1,GigabitEthernet0/0,2.26,6.366,4.1063,4.1063,79,75,4,5.063291139240507,8.101762135823568,5.120754241943359,14.59050178527832,2.0,9.0,2.248,7.683,12.438,14.344
172,2025-12-12 11:32:37,1.1.1.1,GigabitEthernet0/0,2.229,6.336,4.1068,4.1068,78,74,4,5.128205128205128,8.922583348042256,3.8366317749023438,30.416488647460938,3.0,9.0,5.445,7.155,23.071,27.799
173,2025-12-12 11:33:02,1.1.1.1,GigabitEthernet0/0,2.272,5.361,3.0899,3.0899,75,72,3,4.0,9.90518265300327,3.506183624267578,30.75695037841797,2.0,15.0,5.96,7.774,22.141,30.34
174,2025-12-12 11:33:26,1.1.1.1,GigabitEthernet0/0,2.256,6.362,4.1059,4.1059,82,78,4,4.878048780487805,7.727540456331694,4.282951354980469,14.445066452026367,2.0,12.0,1.727,7.277,10.303,10.824
175,2025-12-12 11:33:51,1.1.1.1,GigabitEthernet0/0,2.302,5.369,3.067,3.067,84,81,3,3.571428571428571,7.494355425422574,4.081249237060547,15.803337097167969,2.0,13.0,1.827,7.339,10.144,11.616
176,2025-12-12 11:34:15,1.1.1.1,GigabitEthernet0/0,2.262,6.347,4.0848,4.0848,85,81,4,4.705882352941177,7.627410653196735,4.558324813842773,13.799905776977539,2.0,9.0,1.768,7.334,10.311,13.674
177,2025-12-12 11:34:40,1.1.1.1,GigabitEthernet0/0,2.272,5.341,3.0695,3.0695,78,75,3,3.8461538461538463,8.00662358601888,4.4956207275390625,18.573284149169922,3.0,14.0,2.416,7.276,12.279,15.372
178,2025-12-12 11:35:03,1.1.1.1,GigabitEthernet0/0,2.23,6.323,4.0931,4.0931,79,75,4,5.063291139240507,7.702032725016276,4.485368728637695,13.526201248168945,6.0,10.0,2.313,6.909,12.661,13.257
179,2025-12-12 11:35:28,1.1.1.1,GigabitEthernet0/0,2.272,6.383,4.1107,4.1107,80,76,4,5.0,7.364536586560701,4.611492156982422,13.495922088623047,3.0,9.0,1.576,7.074,9.279,12.304
180,2025-12-12 11:35:53,1.1.1.1,GigabitEthernet0/0,2.347,5.437,3.0899,3.0899,81,78,3,3.7037037037037033,8.21521343329014,4.194498062133789,17.06719398498535,2.0,15.0,2.43,7.574,12.028,15.12
181,2025-12-12 11:36:17,1.1.1.1,GigabitEthernet0/0,2.225,5.309,3.0833,3.0833,79,76,3,3.79746835443038,8.271800844292892,4.781484603881836,24.047374725341797,2.0,12.0,3.251,7.569,16.086,17.62
182,2025-12-12 11:36:41,1.1.1.1,GigabitEthernet0/0,2.301,6.398,4.0972,4.0972,85,81,4,4.705882352941177,7.681399215886622,4.238128662109375,14.177322387695312,2.0,15.0,1.882,7.176,10.719,12.435
183,2025-12-12 11:37:05,1.1.1.1,GigabitEthernet0/0,2.251,6.348,4.0973,4.0973,79,75,4,5.063291139240507,9.910144805908203,4.118442535400391,42.236328125,2.0,14.0,6.691,7.27,22.533,30.403
184,2025-12-12 11:37:30,1.1.1.1,GigabitEthernet0/0,2.221,6.327,4.1058,4.1058,80,76,4,5.0,8.409694621437474,4.213809967041016,28.171300888061523,3.0,13.0,4.845,7.121,22.086,27.83
185,2025-12-12 11:37:55,1.1.1.1,GigabitEthernet0/0,2.257,3.282,1.0253,1.0253,77,76,1,1.2987012987012987,7.980205510791979,0,34.9578857421875,1.0,,5.199,6.858,18.311,32.888
186,2025-12-12 11:38:17,1.1.1.1,GigabitEthernet0/0,2.309,5.395,3.0864,3.0864,87,84,3,3.4482758620689653,7.665211246127174,4.402875900268555,35.951852798461914,,18.0,3.744,6.947,11.607,15.836
187,2025-12-12 11:38:41,1.1.1.1,GigabitEthernet0/0,2.314,5.396,3.082,3.082,77,74,3,3.896103896103896,8.970289616971403,4.417657852172852,34.867048263549805,1.0,11.0,6.25,6.907,24.881,32.063
188,2025-12-12 11:39:04,1.1.1.1,GigabitEthernet0/0,2.282,6.387,4.1052,4.1052,82,78,4,4.878048780487805,7.172984954638359,4.54401969909668,17.342805862426758,2.0,14.0,2.079,7.036,9.703,16.92
189,2025-12-12 11:39:29,1.1.1.1,GigabitEthernet0/0,2.3,5.378,3.0784,3.0784,84,81,3,3.571428571428571,7.302731643488378,4.7855377197265625,17.4100399017334,2.0,9.0,1.787,7.002,9.58,11.623
190,2025-12-12 11:39:53,1.1.1.1,GigabitEthernet0/0,2.287,5.37,3.0834,3.0834,84,81,3,3.571428571428571,7.224998356383524,4.143238067626953,19.97208595275879,3.0,14.0,2.465,6.894,9.898,19.881
191,2025-12-12 11:40:17,1.1.1.1,GigabitEthernet0/0,2.281,5.355,3.0741,3.0741,80,77,3,3.75,7.636531606897131,4.859209060668945,21.865367889404297,2.0,8.0,2.499,6.984,11.868,13.862
192,2025-12-12 11:40:41,1.1.1.1,GigabitEthernet0/0,2.234,5.321,3.0866,3.0866,80,77,3,3.75,7.283696880588284,4.034757614135742,15.502214431762695,2.0,12.0,1.978,6.887,10.603,13.09
193,2025-12-12 11:41:04,1.1.1.1,GigabitEthernet0/0,2.277,5.347,3.0701,3.0701,79,76,3,3.79746835443038,8.376454052172209,5.925178527832031,22.615909576416016,2.0,15.0,2.527,7.768,12.314,16.054
194,2025-12-12 11:41:28,1.1.1.1,GigabitEthernet0/0,2.273,6.368,4.0955,4.0955,84,80,4,4.761904761904762,7.949027419090271,4.353523254394531,15.608072280883789,1.0,15.0,2.148,7.67,12.331,14.574
195,2025-12-12 11:41:53,1.1.1.1,GigabitEthernet0/0,2.245,6.34,4.0945,4.0945,82,78,4,4.878048780487805,7.632139401558118,4.3201446533203125,16.014814376831055,2.0,8.0,2.017,7.425,10.546,13.516
196,2025-12-12 11:42:18,1.1.1.1,GigabitEthernet0/0,2.265,6.372,4.1071,4.1071,84,80,4,4.761904761904762,7.9219043254852295,4.6176910400390625,14.86825942993164,2.0,10.0,2.14,7.541,12.714,13.189
197,2025-12-12 11:42:43,1.1.1.1,GigabitEthernet0/0,2.284,6.403,4.1186,4.1186,77,73,4,5.194805194805195,9.466465205362399,4.110097885131836,29.12139892578125,2.0,8.0,5.532,7.44,23.436,28.614
198,2025-12-12 11:43:08,1.1.1.1,GigabitEthernet0/0,2.369,5.455,3.0858,3.0858,82,79,3,3.6585365853658534,8.976969537855704,4.659891128540039,33.24437141418457,2.0,15.0,4.641,7.828,14.129,31.039
199,2025-12-12 11:43:32,1.1.1.1,GigabitEthernet0/0,2.246,5.323,3.0773,3.0773,81,78,3,3.7037037037037033,7.595389317243527,4.93621826171875,14.967203140258789,1.0,13.0,1.62,7.386,9.519,13.811
200,2025-12-12 11:43:55,1.1.1.1,GigabitEthernet0/0,2.238,5.315,3.0772,3.0772,78,75,3,3.8461538461538463,7.767432530721028,5.078554153442383,19.38772201538086,2.0,9.0,2.417,7.233,11.492,15.912
201,2025-12-12 11:44:19,1.1.1.1,GigabitEthernet0/0,2.271,5.338,3.0663,3.0663,88,85,3,3.4090909090909087,8.563782187069163,5.229473114013672,30.87782859802246,2.0,13.0,3.415,8.075,12.502,20.568
202,2025-12-12 11:44:43,1.1.1.1,GigabitEthernet0/0,2.259,5.32,3.0611,3.0611,79,76,3,3.79746835443038,7.725762693505538,4.529714584350586,14.467239379882812,2.0,14.0,1.86,7.271,10.871,12.081
203,2025-12-12 11:45:07,1.1.1.1,GigabitEthernet0/0,2.342,5.423,3.0812,3.0812,85,82,3,3.5294117647058822,7.8194751972105445,5.43522834777832,11.679887771606445,6.0,14.0,1.295,7.599,9.777,11.153
204,2025-12-12 11:45:31,1.1.1.1,GigabitEthernet0/0,2.375,6.471,4.0964,4.0964,82,78,4,4.878048780487805,8.15145785991962,4.585504531860352,23.147106170654297,2.0,11.0,3.026,7.484,12.016,22.106
205,2025-12-12 11:45:56,1.1.1.1,GigabitEthernet0/0,2.225,6.317,4.0916,4.0916,79,75,4,5.063291139240507,7.814353307088216,4.861116409301758,16.69907569885254,1.0,11.0,2.167,7.499,11.823,13.841
206,2025-12-12 11:46:20,1.1.1.1,GigabitEthernet0/0,2.225,5.295,3.0696,3.0696,77,74,3,3.896103896103896,7.826827667854928,4.602670669555664,19.23227310180664,1.0,13.0,2.187,7.491,10.561,13.967
207,2025-12-12 11:46:44,1.1.1.1,GigabitEthernet0/0,2.256,5.337,3.0806,3.0806,81,78,3,3.7037037037037033,8.13120450728979,4.290580749511719,16.32213592529297,2.0,13.0,2.225,7.839,11.257,14.462
208,2025-12-12 11:47:08,1.1.1.1,GigabitEthernet0/0,2.282,6.395,4.1134,4.1134,81,77,4,4.938271604938271,9.145826488346248,4.485368728637695,53.57527732849121,1.0,9.0,7.462,7.579,12.442,39.499
209,2025-12-12 11:47:33,1.1.1.1,GigabitEthernet0/0,2.318,5.384,3.0659,3.0659,86,83,3,3.488372093023256,6.900686815560582,4.276752471923828,15.435457229614258,2.0,17.0,1.574,6.6,8.662,11.646
210,2025-12-12 11:47:56,1.1.1.1,GigabitEthernet0/0,2.227,5.303,3.0765,3.0765,82,79,3,3.6585365853658534,8.480790295178377,5.044221878051758,16.63804054260254,2.0,9.0,2.157,8.001,12.424,16.139
211,2025-12-12 11:48:20,1.1.1.1,GigabitEthernet0/0,2.27,5.334,3.0642,3.0642,77,74,3,3.896103896103896,9.913921356201172,5.771636962890625,31.504392623901367,3.0,15.0,4.982,8.244,17.846,29.463
212,2025-12-12 11:48:44,1.1.1.1,GigabitEthernet0/0,2.224,6.317,4.093,4.093,81,77,4,4.938271604938271,9.25571887524097,4.47845458984375,28.916120529174805,1.0,10.0,5.115,7.733,23.098,28.619
213,2025-12-12 11:49:09,1.1.1.1,GigabitEthernet0/0,2.261,5.339,3.0777,3.0777,82,79,3,3.6585365853658534,8.13983060136626,3.7724971771240234,30.086517333984375,2.0,12.0,3.984,7.35,14.438,22.532
214,2025-12-12 11:49:32,1.1.1.1,GigabitEthernet0/0,2.288,5.356,3.068,3.068,82,79,3,3.6585365853658534,7.575122615959071,4.6024322509765625,23.486852645874023,2.0,14.0,2.766,7.105,10.127,20.989
215,2025-12-12 11:49:56,1.1.1.1,GigabitEthernet0/0,2.234,6.349,4.1153,4.1153,80,76,4,5.0,8.002136882982755,4.588603973388672,32.2413444519043,7.0,12.0,4.038,7.225,10.328,22.976
216,2025-12-12 11:50:21,1.1.1.1,GigabitEthernet0/0,2.239,5.323,3.0845,3.0845,84,81,3,3.571428571428571,7.388132589834708,4.042863845825195,13.914346694946289,3.0,10.0,1.778,7.288,10.097,12.094
217,2025-12-12 11:50:45,1.1.1.1,GigabitEthernet0/0,2.24,6.336,4.0961,4.0961,81,77,4,4.938271604938271,7.75635087644899,5.018472671508789,16.135692596435547,1.0,12.0,2.32,7.197,13.164,15.734
218,2025-12-12 11:51:10,1.1.1.1,GigabitEthernet0/0,2.253,6.359,4.1061,4.1061,79,75,4,5.063291139240507,8.559675216674805,4.921197891235352,28.53083610534668,2.0,11.0,4.697,7.01,18.11,28.165
219,2025-12-12 11:51:35,1.1.1.1,GigabitEthernet0/0,2.344,6.434,4.0899,4.0899,85,81,4,4.705882352941177,8.266869886421864,4.639625549316406,16.55268669128418,3.0,9.0,2.552,7.395,13.156,15.535
220,2025-12-12 11:51:59,1.1.1.1,GigabitEthernet0/0,2.26,6.348,4.0883,4.0883,80,76,4,5.0,8.86761514764083,4.3621063232421875,41.26691818237305,1.0,8.0,5.993,7.15,16.195,32.877
221,2025-12-12 11:52:24,1.1.1.1,GigabitEthernet0/0,2.244,5.317,3.0731,3.0731,80,77,3,3.75,8.259934264344054,4.264116287231445,15.753746032714844,1.0,15.0,2.29,7.811,12.944,14.154
222,2025-12-12 11:52:48,1.1.1.1,GigabitEthernet0/0,2.388,6.503,4.1143,4.1143,85,81,4,4.705882352941177,8.757717815446265,4.894495010375977,29.965877532958984,3.0,10.0,4.846,7.29,13.212,29.666
223,2025-12-12 11:53:13,1.1.1.1,GigabitEthernet0/0,2.305,5.362,3.0568,3.0568,79,76,3,3.79746835443038,8.762347070794357,4.968166351318359,29.608726501464844,2.0,16.0,3.806,7.837,14.768,23.141
224,2025-12-12 11:53:36,1.1.1.1,GigabitEthernet0/0,2.231,5.304,3.0728,3.0728,80,77,3,3.75,7.428732785311612,4.636049270629883,11.847972869873047,4.0,13.0,1.594,7.068,9.954,11.778
225,2025-12-12 11:54:00,1.1.1.1,GigabitEthernet0/0,2.273,5.35,3.0765,3.0765,81,78,3,3.7037037037037033,7.672325158730532,4.553318023681641,15.75016975402832,1.0,16.0,1.896,7.153,10.902,14.045
226,2025-12-12 11:54:24,1.1.1.1,GigabitEthernet0/0,2.248,5.317,3.0683,3.0683,76,73,3,3.9473684210526314,9.511856183613816,4.463672637939453,30.171632766723633,2.0,14.0,5.27,7.752,21.392,27.909
227,2025-12-12 11:54:48,1.1.1.1,GigabitEthernet0/0,2.353,5.438,3.0849,3.0849,85,82,3,3.5294117647058822,7.384041460548959,4.52876091003418,14.545917510986328,2.0,14.0,1.653,7.216,9.71,12.56
228,2025-12-12 11:55:11,1.1.1.1,GigabitEthernet0/0,2.305,5.389,3.0833,3.0833,84,81,3,3.571428571428571,7.545995123592424,4.209995269775391,13.720035552978516,3.0,14.0,1.953,7.395,10.791,13.61
229,2025-12-12 11:55:35,1.1.1.1,GigabitEthernet0/0,2.218,6.318,4.0995,4.0995,81,77,4,4.938271604938271,7.370701083889255,4.4651031494140625,18.300294876098633,2.0,8.0,2.231,7.036,10.946,14.523
230,2025-12-12 11:56:00,1.1.1.1,GigabitEthernet0/0,2.273,5.346,3.0721,3.0721,86,83,3,3.488372093023256,7.073434002428169,4.8542022705078125,17.240524291992188,2.0,12.0,1.96,6.698,9.557,15.409
231,2025-12-12 11:56:24,1.1.1.1,GigabitEthernet0/0,2.25,5.332,3.0823,3.0823,82,79,3,3.6585365853658534,7.7844993977607055,3.737926483154297,22.97377586364746,1.0,12.0,3.883,6.837,15.078,22.79
232,2025-12-12 11:56:47,1.1.1.1,GigabitEthernet0/0,2.274,5.363,3.0891,3.0891,79,76,3,3.79746835443038,7.421361772637618,3.986835479736328,12.484073638916016,9.0,12.0,1.55,7.303,9.94,11.837
233,2025-12-12 11:57:11,1.1.1.1,GigabitEthernet0/0,2.295,6.408,4.1126,4.1126,82,78,4,4.878048780487805,7.719107163258088,4.194021224975586,15.755414962768555,2.0,9.0,2.125,7.219,11.634,12.654
234,2025-12-12 11:57:36,1.1.1.1,GigabitEthernet0/0,2.275,5.355,3.0803,3.0803,79,76,3,3.79746835443038,7.615277641697934,4.612445831298828,26.72886848449707,4.0,16.0,3.715,6.773,12.901,24.054
235,2025-12-12 11:58:00,1.1.1.1,GigabitEthernet0/0,2.255,5.332,3.077,3.077,83,80,3,3.614457831325301,7.47392475605011,4.343986511230469,15.910148620605469,2.0,14.0,2.235,7.025,12.483,12.973
236,2025-12-12 11:58:24,1.1.1.1,GigabitEthernet0/0,2.309,5.377,3.0685,3.0685,78,75,3,3.8461538461538463,8.756109873453775,4.148960113525391,33.81705284118652,4.0,14.0,5.392,7.046,21.33,30.594
237,2025-12-12 11:58:48,1.1.1.1,GigabitEthernet0/0,2.274,6.385,4.1105,4.1105,85,81,4,4.705882352941177,7.1308671692271295,4.301309585571289,12.530088424682617,1.0,8.0,1.732,7.012,10.225,11.433
238,2025-12-12 11:59:13,1.1.1.1,GigabitEthernet0/0,2.269,5.345,3.0763,3.0763,83,80,3,3.614457831325301,7.099255919456482,3.950357437133789,10.575056076049805,2.0,15.0,1.288,7.109,9.013,10.391
239,2025-12-12 11:59:36,1.1.1.1,GigabitEthernet0/0,2.235,5.322,3.0868,3.0868,79,76,3,3.79746835443038,8.306657013140226,4.47392463684082,20.839929580688477,1.0,14.0,3.45,7.364,18.183,19.323
240,2025-12-12 12:00:00,1.1.1.1,GigabitEthernet0/0,2.313,5.376,3.0629,3.0629,76,73,3,3.9473684210526314,9.562368262304018,4.342079162597656,29.117107391357422,3.0,13.0,5.63,7.294,22.728,26.861
241,2025-12-12 12:00:24,1.1.1.1,GigabitEthernet0/0,2.244,5.321,3.0778,3.0778,90,87,3,3.3333333333333335,7.161373379586757,4.988908767700195,10.842323303222656,2.0,17.0,1.348,7.006,9.606,10.767
242,2025-12-12 12:00:48,1.1.1.1,GigabitEthernet0/0,2.273,6.384,4.1114,4.1114,79,75,4,5.063291139240507,7.586784362792969,5.284786224365234,14.206886291503906,2.0,11.0,1.418,7.412,9.441,10.787
243,2025-12-12 12:01:13,1.1.1.1,GigabitEthernet0/0,2.234,6.349,4.1142,4.1142,81,77,4,4.938271604938271,7.443090537925819,4.6749114990234375,16.50381088256836,2.0,10.0,1.972,6.978,10.333,14.248
244,2025-12-12 12:01:38,1.1.1.1,GigabitEthernet0/0,2.259,5.345,3.0858,3.0858,80,77,3,3.75,7.1860009973699395,4.516839981079102,10.838747024536133,1.0,13.0,1.432,6.995,10.129,10.175
245,2025-12-12 12:02:01,1.1.1.1,GigabitEthernet0/0,2.235,5.298,3.0629,3.0629,78,75,3,3.8461538461538463,7.629798253377278,4.508495330810547,14.708518981933594,5.0,11.0,2.221,7.135,11.61,13.842
246,2025-12-12 12:02:25,1.1.1.1,GigabitEthernet0/0,2.302,6.41,4.1087,4.1087,81,77,4,4.938271604938271,7.763187606613357,4.317522048950195,14.376640319824219,1.0,11.0,1.85,7.44,11.101,12.762
247,2025-12-12 12:02:50,1.1.1.1,GigabitEthernet0/0,2.323,6.427,4.104,4.104,84,80,4,4.761904761904762,7.6846301555633545,4.094362258911133,14.620304107666016,1.0,13.0,2.171,7.424,12.448,13.058
248,2025-12-12 12:03:15,1.1.1.1,GigabitEthernet0/0,2.304,6.386,4.0822,4.0822,86,82,4,4.651162790697675,7.916435962770043,4.921197891235352,14.37687873840332,2.0,15.0,1.694,7.751,10.423,12.519
249,2025-12-12 12:03:40,1.1.1.1,GigabitEthernet0/0,2.262,5.347,3.0851,3.0851,80,77,3,3.75,7.219134987174691,4.052400588989258,17.84539222717285,4.0,13.0,2.167,6.938,9.62,17.004
250,2025-12-12 12:04:04,1.1.1.1,GigabitEthernet0/0,2.325,6.429,4.1039,4.1039,83,79,4,4.819277108433735,8.643832387803476,4.436254501342773,27.676820755004883,5.0,13.0,4.925,7.211,20.684,26.827
251,2025-12-12 12:04:28,1.1.1.1,GigabitEthernet0/0,2.324,5.411,3.0869,3.0869,75,72,3,4.0,10.292228725221422,4.959821701049805,43.95318031311035,1.0,9.0,7.259,7.668,26.837,32.153
252,2025-12-12 12:04:52,1.1.1.1,GigabitEthernet0/0,2.303,6.394,4.0909,4.0909,80,76,4,5.0,7.778707303498921,4.332304000854492,23.52309226989746,1.0,12.0,3.068,6.933,10.948,23.277
253,2025-12-12 12:05:17,1.1.1.1,GigabitEthernet0/0,2.281,5.371,3.0899,3.0899,82,79,3,3.6585365853658534,8.113498929180677,4.6825408935546875,14.93382453918457,2.0,12.0,2.253,7.533,12.861,14.538
254,2025-12-12 12:05:41,1.1.1.1,GigabitEthernet0/0,2.217,5.3,3.0828,3.0828,82,79,3,3.6585365853658534,7.134630710263796,4.499197006225586,11.643648147583008,3.0,14.0,1.472,6.946,9.836,10.386
255,2025-12-12 12:06:05,1.1.1.1,GigabitEthernet0/0,2.249,6.339,4.0897,4.0897,84,80,4,4.761904761904762,7.110849022865295,4.461526870727539,12.21776008605957,2.0,10.0,1.344,6.914,9.43,10.258
256,2025-12-12 12:06:29,1.1.1.1,GigabitEthernet0/0,2.274,5.356,3.082,3.082,83,80,3,3.614457831325301,7.933405041694641,4.613161087036133,15.815973281860352,1.0,14.0,1.85,7.75,10.701,12.79
257,2025-12-12 12:06:53,1.1.1.1,GigabitEthernet0/0,2.25,6.342,4.0925,4.0925,81,77,4,4.938271604938271,8.171685330279463,5.765676498413086,13.118982315063477,2.0,10.0,1.802,7.752,11.183,12.438
258,2025-12-12 12:07:18,1.1.1.1,GigabitEthernet0/0,2.319,5.399,3.0801,3.0801,83,80,3,3.614457831325301,8.796662092208862,5.405187606811523,17.632722854614258,3.0,14.0,2.416,8.119,12.863,17.29
259,2025-12-12 12:07:42,1.1.1.1,GigabitEthernet0/0,2.251,5.331,3.0803,3.0803,79,76,3,3.79746835443038,7.655485680228786,4.837512969970703,14.36758041381836,4.0,16.0,1.63,7.418,10.304,12.145
260,2025-12-12 12:08:06,1.1.1.1,GigabitEthernet0/0,2.267,5.325,3.0577,3.0577,78,75,3,3.8461538461538463,8.071333567301432,4.9724578857421875,17.855405807495117,3.0,15.0,2.398,7.422,12.475,15.709
261,2025-12-12 12:08:30,1.1.1.1,GigabitEthernet0/0,2.363,6.463,4.1009,4.1009,83,79,4,4.819277108433735,8.490761624106877,4.355907440185547,29.63423728942871,2.0,8.0,4.604,7.22,18.534,28.04
262,2025-12-12 12:08:54,1.1.1.1,GigabitEthernet0/0,2.384,5.449,3.0647,3.0647,84,81,3,3.571428571428571,7.726663424644941,3.8471221923828125,33.12397003173828,2.0,16.0,3.666,6.781,11.788,17.997
263,2025-12-12 12:09:18,1.1.1.1,GigabitEthernet0/0,2.245,6.345,4.0999,4.0999,78,74,4,5.128205128205128,8.12158069095096,4.65846061706543,23.8649845123291,4.0,11.0,3.006,7.241,13.417,18.652
264,2025-12-12 12:09:43,1.1.1.1,GigabitEthernet0/0,2.276,5.344,3.0682,3.0682,80,77,3,3.75,7.127777322546228,3.744363784790039,14.19687271118164,7.0,11.0,1.466,6.945,9.376,10.652
265,2025-12-12 12:10:07,1.1.1.1,GigabitEthernet0/0,2.27,5.342,3.0715,3.0715,79,76,3,3.79746835443038,8.51365139609889,4.49371337890625,30.526161193847656,2.0,13.0,4.849,7.186,20.257,27.74
266,2025-12-12 12:10:31,1.1.1.1,GigabitEthernet0/0,2.215,5.297,3.0823,3.0823,78,75,3,3.8461538461538463,7.904758453369141,4.563570022583008,19.008874893188477,2.0,12.0,2.367,7.4,12.874,14.079
267,2025-12-12 12:10:54,1.1.1.1,GigabitEthernet0/0,2.295,6.407,4.1118,4.1118,83,79,4,4.819277108433735,7.642389852789384,4.243373870849609,21.040916442871094,2.0,12.0,2.147,7.475,9.997,12.207
268,2025-12-12 12:11:19,1.1.1.1,GigabitEthernet0/0,2.285,6.4,4.1151,4.1151,78,74,4,5.128205128205128,7.608706886703904,5.38325309753418,18.629789352416992,2.0,10.0,1.969,7.071,10.72,12.933
269,2025-12-12 12:11:44,1.1.1.1,GigabitEthernet0/0,2.294,5.371,3.0777,3.0777,81,78,3,3.7037037037037033,7.680880717742137,4.530429840087891,22.259950637817383,2.0,16.0,2.351,7.247,11.07,11.652
270,2025-12-12 12:12:08,1.1.1.1,GigabitEthernet0/0,2.288,5.369,3.0813,3.0813,79,76,3,3.79746835443038,8.176925935243306,4.8046112060546875,22.90034294128418,4.0,10.0,2.509,7.561,11.214,14.634
271,2025-12-12 12:12:32,1.1.1.1,GigabitEthernet0/0,2.327,5.398,3.0709,3.0709,85,82,3,3.5294117647058822,8.696070531519448,4.868030548095703,18.618345260620117,2.0,14.0,2.91,7.892,13.969,18.172
272,2025-12-12 12:12:56,1.1.1.1,GigabitEthernet0/0,2.77,5.855,3.0848,3.0848,81,78,3,3.7037037037037033,8.798935474493565,0,22.156953811645508,2.0,11.0,3.762,7.644,17.052,19.819
273,2025-12-12 12:13:20,1.1.1.1,GigabitEthernet0/0,2.321,6.442,4.1211,4.1211,85,81,4,4.705882352941177,7.546645623666269,3.9398670196533203,15.24043083190918,1.0,9.0,1.619,7.536,9.542,12.017
274,2025-12-12 12:13:45,1.1.1.1,GigabitEthernet0/0,2.301,5.369,3.0679,3.0679,79,76,3,3.79746835443038,7.233864382693642,3.9217472076416016,12.280464172363281,2.0,17.0,1.296,7.04,9.186,10.282
275,2025-12-12 12:14:09,1.1.1.1,GigabitEthernet0/0,2.266,5.334,3.0681,3.0681,80,77,3,3.75,8.13069281639991,3.602743148803711,29.00218963623047,2.0,14.0,4.271,7.143,19.5,21.43
276,2025-12-12 12:14:32,1.1.1.1,GigabitEthernet0/0,2.237,5.325,3.0884,3.0884,77,74,3,3.896103896103896,8.47493635641562,4.091024398803711,24.314403533935547,6.0,10.0,3.954,7.522,14.673,22.93
277,2025-12-12 12:14:56,1.1.1.1,GigabitEthernet0/0,2.253,6.357,4.1039,4.1039,83,79,4,4.819277108433735,7.166651230824145,4.00233268737793,13.030767440795898,2.0,8.0,1.807,6.745,11.121,12.496
278,2025-12-12 12:15:21,1.1.1.1,GigabitEthernet0/0,2.263,5.342,3.0792,3.0792,84,81,3,3.571428571428571,7.707569334242079,4.239320755004883,17.1663761138916,3.0,14.0,2.491,7.005,11.632,16.793
279,2025-12-12 12:15:45,1.1.1.1,GigabitEthernet0/0,2.241,6.332,4.0912,4.0912,84,80,4,4.761904761904762,7.567194104194641,4.349231719970703,21.727323532104492,2.0,13.0,2.621,6.798,12.531,12.869
280,2025-12-12 12:16:09,1.1.1.1,GigabitEthernet0/0,2.249,6.351,4.1021,4.1021,81,77,4,4.938271604938271,7.722130069484958,4.443883895874023,30.892133712768555,2.0,14.0,3.924,6.883,10.786,27.759
281,2025-12-12 12:16:34,1.1.1.1,GigabitEthernet0/0,2.249,6.356,4.1065,4.1065,83,79,4,4.819277108433735,6.976773467244981,4.698514938354492,13.34834098815918,3.0,16.0,1.51,6.714,9.461,11.589
282,2025-12-12 12:16:59,1.1.1.1,GigabitEthernet0/0,2.253,6.364,4.1105,4.1105,78,74,4,5.128205128205128,8.259847357466414,4.979848861694336,15.026569366455078,2.0,12.0,2.21,7.673,12.097,14.913
283,2025-12-12 12:17:24,1.1.1.1,GigabitEthernet0/0,2.24,5.319,3.079,3.079,77,74,3,3.896103896103896,8.822711738380226,4.284381866455078,19.454002380371094,3.0,15.0,3.088,7.664,14.939,16.818
284,2025-12-12 12:17:48,1.1.1.1,GigabitEthernet0/0,2.248,5.336,3.0874,3.0874,79,76,3,3.79746835443038,7.905878518757067,4.739522933959961,18.814563751220703,1.0,10.0,2.482,7.199,11.859,18.678
285,2025-12-12 12:18:11,1.1.1.1,GigabitEthernet0/0,2.352,5.432,3.0797,3.0797,83,80,3,3.614457831325301,7.511243224143982,4.692792892456055,18.873929977416992,1.0,18.0,2.339,6.886,10.815,17.436
286,2025-12-12 12:18:35,1.1.1.1,GigabitEthernet0/0,2.278,6.375,4.0969,4.0969,80,76,4,5.0,8.40292165153905,4.749298095703125,29.013872146606445,3.0,9.0,4.026,7.406,14.536,23.788
287,2025-12-12 12:19:00,1.1.1.1,GigabitEthernet0/0,2.295,6.387,4.0926,4.0926,85,81,4,4.705882352941177,7.24630296966176,3.9131641387939453,14.297962188720703,0.0,12.0,1.82,6.775,10.093,13.462
288,2025-12-12 12:19:25,1.1.1.1,GigabitEthernet0/0,2.229,5.292,3.0623,3.0623,80,77,3,3.75,7.743922146883878,4.62031364440918,22.80402183532715,2.0,12.0,2.678,7.299,12.248,14.294
289,2025-12-12 12:19:49,1.1.1.1,GigabitEthernet0/0,2.326,5.386,3.0601,3.0601,82,79,3,3.6585365853658534,8.012312877027295,4.862546920776367,27.167320251464844,3.0,16.0,2.958,7.247,12.057,17.303
290,2025-12-12 12:20:12,1.1.1.1,GigabitEthernet0/0,2.292,5.357,3.0654,3.0654,79,76,3,3.79746835443038,8.107618281715794,4.583597183227539,28.58114242553711,6.0,9.0,4.015,7.095,13.927,22.182
291,2025-12-12 12:20:36,1.1.1.1,GigabitEthernet0/0,2.27,5.353,3.0829,3.0829,82,79,3,3.6585365853658534,6.799999671646312,4.531145095825195,10.991096496582031,0.0,14.0,1.194,6.635,8.875,10.514
292,2025-12-12 12:21:00,1.1.1.1,GigabitEthernet0/0,2.236,5.318,3.0815,3.0815,84,81,3,3.571428571428571,6.809973422391915,4.359006881713867,11.927604675292969,2.0,12.0,1.412,6.69,9.211,10.517
293,2025-12-12 12:21:24,1.1.1.1,GigabitEthernet0/0,2.371,5.429,3.0578,3.0578,81,78,3,3.7037037037037033,7.811922293442946,5.1403045654296875,22.036314010620117,3.0,19.0,2.134,7.4,9.479,13.938
294,2025-12-12 12:21:48,1.1.1.1,GigabitEthernet0/0,2.268,5.325,3.0575,3.0575,85,82,3,3.5294117647058822,7.501974338438453,4.179954528808594,15.486717224121094,1.0,14.0,2.068,6.983,11.287,13.439
295,2025-12-12 12:22:12,1.1.1.1,GigabitEthernet0/0,2.248,6.344,4.0962,4.0962,83,79,4,4.819277108433735,7.121834573866446,4.593133926391602,15.238285064697266,2.0,14.0,1.561,6.864,9.428,12.613
296,2025-12-12 12:22:36,1.1.1.1,GigabitEthernet0/0,2.219,5.273,3.0539,3.0539,102,99,3,2.941176470588235,7.986271020137902,4.862308502197266,15.30599594116211,2.0,12.0,2.282,7.473,12.662,14.396
297,2025-12-12 12:23:00,1.1.1.1,GigabitEthernet0/0,2.272,6.352,4.0804,4.0804,100,96,4,4.0,8.731275796890259,4.857301712036133,18.294334411621094,2.0,21.0,2.577,8.151,13.53,16.534
298,2025-12-12 12:23:25,1.1.1.1,GigabitEthernet0/0,2.25,5.313,3.0624,3.0624,98,95,3,3.061224489795918,7.424045863904451,4.52423095703125,20.25604248046875,2.0,9.0,1.911,7.058,9.985,12.818
299,2025-12-12 12:23:49,1.1.1.1,GigabitEthernet0/0,2.257,5.326,3.0692,3.0692,89,86,3,3.3707865168539324,8.154943931934445,4.434823989868164,22.545814514160156,1.0,15.0,2.578,7.595,12.425,14.805
300,2025-12-12 12:24:13,1.1.1.1,GigabitEthernet0/0,2.221,5.287,3.0664,3.0664,76,73,3,3.9473684210526314,8.767421931436617,4.93311882019043,32.135009765625,2.0,10.0,5.425,7.138,23.555,28.81
301,2025-12-12 12:24:36,1.1.1.1,GigabitEthernet0/0,2.277,5.337,3.06,3.06,80,77,3,3.75,7.44918104890105,4.178047180175781,14.032602310180664,2.0,9.0,1.726,7.344,11.005,12.681
302,2025-12-12 12:25:00,1.1.1.1,GigabitEthernet0/0,2.253,5.332,3.0787,3.0787,81,78,3,3.7037037037037033,7.6732329833201876,4.996299743652344,20.117521286010742,3.0,14.0,2.284,7.11,11.25,15.542
303,2025-12-12 12:25:24,1.1.1.1,GigabitEthernet0/0,2.268,5.34,3.0722,3.0722,80,77,3,3.75,8.048552971381646,4.4078826904296875,22.803783416748047,3.0,13.0,3.34,6.972,13.718,22.015
304,2025-12-12 12:25:48,1.1.1.1,GigabitEthernet0/0,2.303,6.379,4.0765,4.0765,79,75,4,5.063291139240507,8.528970082600912,4.750251770019531,30.144691467285156,5.0,13.0,4.668,7.169,13.523,29.865
305,2025-12-12 12:26:13,1.1.1.1,GigabitEthernet0/0,2.287,5.365,3.0778,3.0778,80,77,3,3.75,7.6283634483040155,4.554271697998047,17.33088493347168,2.0,10.0,1.992,7.11,11.334,12.971
306,2025-12-12 12:26:36,1.1.1.1,GigabitEthernet0/0,2.279,5.365,3.0865,3.0865,80,77,3,3.75,7.438452212841479,4.572868347167969,22.06873893737793,2.0,15.0,3.077,6.629,11.243,20.951
307,2025-12-12 12:27:00,1.1.1.1,GigabitEthernet0/0,2.228,5.299,3.071,3.071,79,76,3,3.79746835443038,6.751916910472669,4.454374313354492,13.117313385009766,3.0,10.0,1.426,6.485,8.913,10.028
308,2025-12-12 12:27:24,1.1.1.1,GigabitEthernet0/0,2.242,5.326,3.0841,3.0841,80,77,3,3.75,7.323714045735149,4.200220108032227,16.421794891357422,6.0,12.0,1.868,7.012,10.084,13.164
309,2025-12-12 12:27:48,1.1.1.1,GigabitEthernet0/0,2.313,6.428,4.1151,4.1151,85,81,4,4.705882352941177,7.953199339501651,4.832267761230469,16.778230667114258,2.0,8.0,2.084,7.454,11.752,15.631
310,2025-12-12 12:28:12,1.1.1.1,GigabitEthernet0/0,2.333,5.414,3.0811,3.0811,82,79,3,3.6585365853658534,7.537377031543587,3.6551952362060547,20.79296112060547,3.0,21.0,2.577,6.996,11.523,15.612
311,2025-12-12 12:28:36,1.1.1.1,GigabitEthernet0/0,2.299,5.38,3.0811,3.0811,84,81,3,3.571428571428571,8.030826662793572,4.482746124267578,15.611410140991211,1.0,16.0,2.25,7.432,11.536,13.261
312,2025-12-12 12:29:00,1.1.1.1,GigabitEthernet0/0,2.255,6.368,4.1133,4.1133,82,78,4,4.878048780487805,6.923568554413625,4.107236862182617,10.860204696655273,2.0,7.0,1.205,6.779,8.809,10.204
313,2025-12-12 12:29:25,1.1.1.1,GigabitEthernet0/0,2.233,6.35,4.1165,4.1165,78,74,4,5.128205128205128,8.956438786274678,4.743814468383789,23.031949996948242,1.0,8.0,3.762,7.75,18.194,22.248
314,2025-12-12 12:29:50,1.1.1.1,GigabitEthernet0/0,2.274,5.354,3.0799,3.0799,79,76,3,3.79746835443038,8.675280370210347,4.859685897827148,23.86164665222168,2.0,16.0,4.341,7.266,20.217,22.177
315,2025-12-12 12:30:14,1.1.1.1,GigabitEthernet0/0,2.215,5.273,3.0578,3.0578,79,76,3,3.79746835443038,7.6801682773389315,4.64177131652832,20.847082138061523,1.0,11.0,2.567,6.852,11.41,16.146
316,2025-12-12 12:30:37,1.1.1.1,GigabitEthernet0/0,2.288,5.352,3.0643,3.0643,76,73,3,3.9473684210526314,9.265674303655755,5.384683609008789,43.25699806213379,5.0,11.0,5.138,7.875,15.535,22.878
317,2025-12-12 12:31:01,1.1.1.1,GigabitEthernet0/0,2.235,5.313,3.0786,3.0786,76,73,3,3.9473684210526314,8.626114832211847,4.5108795166015625,29.758691787719727,2.0,13.0,4.638,7.112,20.507,22.876
318,2025-12-12 12:31:25,1.1.1.1,GigabitEthernet0/0,2.268,5.332,3.0644,3.0644,79,76,3,3.79746835443038,8.880448968786942,4.435062408447266,33.1873893737793,1.0,12.0,5.049,7.427,15.85,31.887
319,2025-12-12 12:31:48,1.1.1.1,GigabitEthernet0/0,2.3,5.358,3.0581,3.0581,86,83,3,3.488372093023256,7.38349305578025,4.567623138427734,13.40031623840332,4.0,13.0,1.62,7.242,9.961,13.363
320,2025-12-12 12:32:12,1.1.1.1,GigabitEthernet0/0,2.275,5.349,3.0731,3.0731,83,80,3,3.614457831325301,7.596611976623535,4.064321517944336,15.769243240356445,2.0,15.0,1.638,7.471,9.743,13.26
321,2025-12-12 12:32:36,1.1.1.1,GigabitEthernet0/0,2.266,5.328,3.0613,3.0613,88,85,3,3.4090909090909087,7.918018453261432,4.836559295654297,24.10268783569336,1.0,10.0,2.544,7.435,10.938,12.61
322,2025-12-12 12:33:00,1.1.1.1,GigabitEthernet0/0,2.315,6.407,4.0919,4.0919,85,81,4,4.705882352941177,7.81333593674648,4.199028015136719,20.377159118652344,2.0,18.0,2.676,7.307,11.221,19.73
323,2025-12-12 12:33:24,1.1.1.1,GigabitEthernet0/0,2.243,5.33,3.087,3.087,78,75,3,3.8461538461538463,8.312164942423502,4.202365875244141,22.6898193359375,7.0,10.0,3.728,7.139,16.143,19.945
324,2025-12-12 12:33:48,1.1.1.1,GigabitEthernet0/0,2.238,6.338,4.0999,4.0999,81,77,4,4.938271604938271,7.961381565440785,4.8065185546875,22.478818893432617,2.0,9.0,3.116,7.197,11.907,20.339
325,2025-12-12 12:34:13,1.1.1.1,GigabitEthernet0/0,2.356,5.417,3.0611,3.0611,86,83,3,3.488372093023256,8.182149335562464,4.251718521118164,17.719268798828125,1.0,15.0,2.259,7.717,12.046,16.157
326,2025-12-12 12:34:37,1.1.1.1,GigabitEthernet0/0,2.253,6.323,4.0699,4.0699,91,87,4,4.395604395604396,7.1015111331281995,4.362583160400391,12.85862922668457,0.0,12.0,1.64,6.768,9.98,12.118
327,2025-12-12 12:35:02,1.1.1.1,GigabitEthernet0/0,2.228,6.31,4.0821,4.0821,80,76,4,5.0,8.531768071024041,5.72967529296875,17.75336265563965,8.0,16.0,2.477,7.958,13.167,17.473
328,2025-12-12 12:35:26,1.1.1.1,GigabitEthernet0/0,2.314,6.411,4.0972,4.0972,81,77,4,4.938271604938271,8.113898240126572,4.448890686035156,21.430253982543945,3.0,9.0,2.903,7.771,9.821,20.761
329,2025-12-12 12:35:51,1.1.1.1,GigabitEthernet0/0,2.242,6.336,4.0946,4.0946,80,76,4,5.0,8.48270717420076,4.678249359130859,17.037153244018555,2.0,9.0,2.662,8.022,13.937,16.757
330,2025-12-12 12:36:16,1.1.1.1,GigabitEthernet0/0,2.268,6.379,4.1101,4.1101,84,80,4,4.761904761904762,7.536488771438599,4.55164909362793,15.626668930053711,2.0,10.0,1.946,7.19,11.349,13.583
331,2025-12-12 12:36:41,1.1.1.1,GigabitEthernet0/0,2.275,5.355,3.0798,3.0798,81,78,3,3.7037037037037033,7.626768870231433,3.8094520568847656,15.287637710571289,2.0,13.0,1.826,7.172,10.696,11.896
332,2025-12-12 12:37:05,1.1.1.1,GigabitEthernet0/0,2.308,5.383,3.0756,3.0756,81,78,3,3.7037037037037033,8.54330490796994,4.083871841430664,35.735368728637695,2.0,14.0,5.413,6.999,20.335,31.451
333,2025-12-12 12:37:28,1.1.1.1,GigabitEthernet0/0,2.31,6.425,4.1143,4.1143,80,76,4,5.0,7.690360671595523,4.857301712036133,13.803958892822266,7.0,10.0,1.667,7.65,11.09,13.336
334,2025-12-12 12:37:53,1.1.1.1,GigabitEthernet0/0,2.406,4.455,2.0488,2.0488,80,78,2,2.5,6.730963022280962,0,12.689828872680664,4.0,7.0,1.84,6.806,9.231,12.456
335,2025-12-12 12:38:17,1.1.1.1,GigabitEthernet0/0,2.251,5.325,3.0744,3.0744,81,78,3,3.7037037037037033,7.683142637595152,4.063129425048828,16.702890396118164,4.0,14.0,2.615,7.004,12.58,16.253
336,2025-12-12 12:38:41,1.1.1.1,GigabitEthernet0/0,2.267,6.366,4.0992,4.0992,78,74,4,5.128205128205128,10.076780576963682,4.795551300048828,86.20405197143555,2.0,12.0,12.066,7.766,13.09,74.902
337,2025-12-12 12:39:05,1.1.1.1,GigabitEthernet0/0,2.276,5.349,3.0733,3.0733,80,77,3,3.75,8.339634189358005,5.298852920532227,16.553163528442383,2.0,15.0,2.562,7.607,14.258,15.371
338,2025-12-12 12:39:29,1.1.1.1,GigabitEthernet0/0,2.276,5.353,3.0775,3.0775,81,78,3,3.7037037037037033,7.673159623757387,4.777431488037109,12.908220291137695,2.0,11.0,1.714,7.27,10.802,11.715
339,2025-12-12 12:39:53,1.1.1.1,GigabitEthernet0/0,2.252,5.332,3.0796,3.0796,81,78,3,3.7037037037037033,7.8879900467701445,4.131317138671875,15.714645385742188,2.0,16.0,2.169,7.571,12.354,15.192
340,2025-12-12 12:40:17,1.1.1.1,GigabitEthernet0/0,2.229,5.31,3.0801,3.0801,77,74,3,3.896103896103896,8.10843867224616,4.627704620361328,22.797346115112305,1.0,12.0,3.359,7.258,12.012,21.422
341,2025-12-12 12:40:40,1.1.1.1,GigabitEthernet0/0,2.226,6.343,4.1169,4.1169,80,76,4,5.0,8.768906718806216,5.897045135498047,17.832279205322266,2.0,8.0,2.346,8.186,13.027,16.551
342,2025-12-12 12:41:05,1.1.1.1,GigabitEthernet0/0,2.316,6.417,4.1006,4.1006,84,80,4,4.761904761904762,8.37833285331726,4.45556640625,30.16972541809082,2.0,10.0,5.095,7.032,22.71,29.098
343,2025-12-12 12:41:30,1.1.1.1,GigabitEthernet0/0,2.222,5.299,3.0766,3.0766,76,73,3,3.9473684210526314,9.73296492067102,4.967212677001953,30.888080596923828,1.0,13.0,5.89,7.254,21.212,30.276
344,2025-12-12 12:41:54,1.1.1.1,GigabitEthernet0/0,2.32,6.399,4.0785,4.0785,82,78,4,4.878048780487805,7.7316699883876705,4.883527755737305,21.051645278930664,2.0,11.0,2.51,7.405,10.014,20.22
345,2025-12-12 12:42:19,1.1.1.1,GigabitEthernet0/0,2.249,5.322,3.073,3.073,81,78,3,3.7037037037037033,7.0970455805460615,4.235267639160156,14.921426773071289,2.0,12.0,1.589,6.775,9.675,10.295
346,2025-12-12 12:42:43,1.1.1.1,GigabitEthernet0/0,2.279,6.385,4.1063,4.1063,80,76,4,5.0,8.984888854779696,5.19251823425293,28.403043746948242,2.0,10.0,4.568,7.847,14.712,28.026
347,2025-12-12 12:43:08,1.1.1.1,GigabitEthernet0/0,2.332,5.406,3.0741,3.0741,81,78,3,3.7037037037037033,8.220587021265274,4.590749740600586,19.095182418823242,1.0,13.0,2.596,7.477,12.516,17.596
348,2025-12-12 12:43:32,1.1.1.1,GigabitEthernet0/0,2.281,5.358,3.077,3.077,85,82,3,3.5294117647058822,6.821222421599598,4.16111946105957,10.917186737060547,2.0,16.0,1.268,6.707,8.892,9.94
349,2025-12-12 12:43:56,1.1.1.1,GigabitEthernet0/0,2.248,5.337,3.0896,3.0896,77,74,3,3.896103896103896,8.265153781787768,5.023717880249023,16.899585723876953,2.0,13.0,2.685,7.514,13.412,16.587
350,2025-12-12 12:44:19,1.1.1.1,GigabitEthernet0/0,2.272,6.381,4.1092,4.1092,83,79,4,4.819277108433735,7.841532743429836,4.354238510131836,18.15176010131836,3.0,10.0,2.483,7.149,13.257,14.795
351,2025-12-12 12:44:44,1.1.1.1,GigabitEthernet0/0,2.231,5.31,3.079,3.079,81,78,3,3.7037037037037033,7.7161880639883185,4.9648284912109375,17.984867095947266,1.0,12.0,2.058,7.168,11.415,13.624
352,2025-12-12 12:45:08,1.1.1.1,GigabitEthernet0/0,2.269,5.353,3.0836,3.0836,82,79,3,3.6585365853658534,7.611102695706524,4.817962646484375,12.857437133789062,2.0,12.0,1.872,7.156,11.424,12.659
353,2025-12-12 12:45:32,1.1.1.1,GigabitEthernet0/0,2.26,5.344,3.0841,3.0841,78,75,3,3.8461538461538463,8.023716608683268,5.219936370849609,26.033401489257812,2.0,12.0,3.155,7.38,11.343,21.125
354,2025-12-12 12:45:55,1.1.1.1,GigabitEthernet0/0,2.264,5.335,3.0715,3.0715,79,76,3,3.79746835443038,6.925899731485467,4.600763320922852,10.827302932739258,2.0,9.0,1.326,6.862,9.402,9.923
355,2025-12-12 12:46:19,1.1.1.1,GigabitEthernet0/0,2.277,5.35,3.0735,3.0735,82,79,3,3.6585365853658534,7.297416276569608,4.921436309814453,14.398813247680664,2.0,13.0,1.6,6.999,10.207,11.299
356,2025-12-12 12:46:43,1.1.1.1,GigabitEthernet0/0,2.367,6.48,4.1129,4.1129,77,73,4,5.194805194805195,9.97014241675808,4.657745361328125,46.30160331726074,3.0,10.0,8.028,7.29,23.78,41.478
357,2025-12-12 12:47:08,1.1.1.1,GigabitEthernet0/0,2.292,5.36,3.0682,3.0682,83,80,3,3.614457831325301,8.394837379455566,4.378318786621094,29.872894287109375,2.0,18.0,4.916,6.953,15.441,28.479
358,2025-12-12 12:47:31,1.1.1.1,GigabitEthernet0/0,2.238,6.354,4.1164,4.1164,84,80,4,4.761904761904762,6.989434361457825,4.629373550415039,10.102033615112305,1.0,9.0,1.227,6.952,9.039,9.711
359,2025-12-12 12:47:56,1.1.1.1,GigabitEthernet0/0,2.288,5.356,3.0675,3.0675,84,81,3,3.571428571428571,7.508027700730312,4.69517707824707,21.052837371826172,1.0,16.0,2.353,6.862,11.166,13.962
360,2025-12-12 12:48:20,1.1.1.1,GigabitEthernet0/0,2.324,5.41,3.086,3.086,85,82,3,3.5294117647058822,7.228185490864079,4.638671875,15.989303588867188,1.0,12.0,1.675,7.078,9.667,10.572
361,2025-12-12 12:48:44,1.1.1.1,GigabitEthernet0/0,2.356,5.428,3.0724,3.0724,83,80,3,3.614457831325301,7.963350415229797,4.815101623535156,16.201496124267578,2.0,14.0,2.126,7.434,12.157,13.729
362,2025-12-12 12:49:08,1.1.1.1,GigabitEthernet0/0,2.262,6.356,4.0945,4.0945,82,78,4,4.878048780487805,6.766245915339543,4.104852676391602,12.64333724975586,1.0,11.0,1.354,6.637,8.816,11.569
363,2025-12-12 12:49:33,1.1.1.1,GigabitEthernet0/0,2.338,6.453,4.1146,4.1146,87,83,4,4.597701149425287,7.192715104803981,4.616975784301758,13.44919204711914,1.0,10.0,1.689,6.711,10.203,12.664
364,2025-12-12 12:49:58,1.1.1.1,GigabitEthernet0/0,2.275,6.381,4.1064,4.1064,88,84,4,4.545454545454546,6.746289275941395,4.703998565673828,13.297319412231445,2.0,10.0,1.377,6.603,8.784,10.757
365,2025-12-12 12:50:23,1.1.1.1,GigabitEthernet0/0,2.255,6.362,4.1064,4.1064,80,76,4,5.0,8.34233509866815,4.431247711181641,25.60901641845703,3.0,12.0,4.32,7.069,19.953,22.548
366,2025-12-12 12:50:47,1.1.1.1,GigabitEthernet0/0,2.252,6.353,4.1009,4.1009,83,79,4,4.819277108433735,6.48313534410694,3.9091110229492188,11.336803436279297,1.0,10.0,1.289,6.227,9.081,10.342
367,2025-12-12 12:51:12,1.1.1.1,GigabitEthernet0/0,2.283,5.355,3.0723,3.0723,79,76,3,3.79746835443038,8.628236620049728,5.256175994873047,27.152538299560547,2.0,14.0,4.195,7.319,14.475,24.262
368,2025-12-12 12:51:36,1.1.1.1,GigabitEthernet0/0,2.223,6.302,4.079,4.079,77,73,4,5.194805194805195,8.118586997463279,4.982471466064453,28.997182846069336,7.0,9.0,4.474,6.757,15.509,26.573
369,2025-12-12 12:52:00,1.1.1.1,GigabitEthernet0/0,2.253,5.332,3.0793,3.0793,81,78,3,3.7037037037037033,7.6639102055476265,4.3849945068359375,19.139766693115234,3.0,8.0,2.348,7.11,10.849,15.437
370,2025-12-12 12:52:24,1.1.1.1,GigabitEthernet0/0,2.29,6.387,4.0967,4.0967,85,81,4,4.705882352941177,7.334511957050841,4.319429397583008,14.961004257202148,3.0,14.0,1.892,6.983,11.059,12.393
371,2025-12-12 12:52:49,1.1.1.1,GigabitEthernet0/0,2.223,6.309,4.0863,4.0863,79,75,4,5.063291139240507,8.622315724690756,4.412412643432617,28.77068519592285,2.0,9.0,4.227,7.278,15.073,27.348
372,2025-12-12 12:53:14,1.1.1.1,GigabitEthernet0/0,2.233,5.306,3.0733,3.0733,76,73,3,3.9473684210526314,8.670545604130993,4.523515701293945,25.913238525390625,2.0,14.0,3.564,7.689,14.063,20.765
373,2025-12-12 12:53:37,1.1.1.1,GigabitEthernet0/0,2.236,6.323,4.0869,4.0869,82,78,4,4.878048780487805,7.0657944067930565,3.5054683685302734,11.262655258178711,5.0,10.0,1.501,6.951,9.956,10.36
374,2025-12-12 12:54:02,1.1.1.1,GigabitEthernet0/0,2.232,6.322,4.0908,4.0908,80,76,4,5.0,7.807148130316484,4.811286926269531,14.860868453979492,3.0,9.0,2.075,7.272,11.878,12.903
375,2025-12-12 12:54:27,1.1.1.1,GigabitEthernet0/0,2.229,5.317,3.0879,3.0879,78,75,3,3.8461538461538463,6.92808469136556,4.826068878173828,11.584281921386719,2.0,13.0,1.43,6.656,9.464,10.981
376,2025-12-12 12:54:51,1.1.1.1,GigabitEthernet0/0,2.251,5.336,3.0853,3.0853,82,79,3,3.6585365853658534,7.441922079158735,4.607200622558594,13.418912887573242,4.0,15.0,1.629,7.203,10.813,11.728
377,2025-12-12 12:55:15,1.1.1.1,GigabitEthernet0/0,2.246,6.347,4.1015,4.1015,80,76,4,5.0,7.8709815677843595,4.097700119018555,14.453887939453125,1.0,13.0,2.131,7.423,12.469,14.225
378,2025-12-12 12:55:39,1.1.1.1,GigabitEthernet0/0,2.287,5.36,3.073,3.073,81,78,3,3.7037037037037033,8.167441074664776,4.422426223754883,29.153108596801758,4.0,14.0,4.989,6.709,20.692,26.101
379,2025-12-12 12:56:03,1.1.1.1,GigabitEthernet0/0,2.272,6.354,4.0822,4.0822,80,76,4,5.0,7.528327013316908,4.366159439086914,38.86151313781738,2.0,10.0,3.924,6.999,9.857,11.716
380,2025-12-12 12:56:28,1.1.1.1,GigabitEthernet0/0,2.303,6.414,4.1106,4.1106,86,82,4,4.651162790697675,7.5153955599156825,3.878355026245117,14.481782913208008,3.0,14.0,1.742,7.265,9.852,13.078
381,2025-12-12 12:56:53,1.1.1.1,GigabitEthernet0/0,2.31,6.394,4.0843,4.0843,84,80,4,4.761904761904762,7.51589834690094,5.1631927490234375,23.26369285583496,3.0,9.0,2.189,7.094,9.485,12.6
382,2025-12-12 12:57:17,1.1.1.1,GigabitEthernet0/0,2.258,5.324,3.066,3.066,82,79,3,3.6585365853658534,7.744571830652937,4.38690185546875,25.150299072265625,3.0,12.0,3.607,6.516,11.228,23.48
383,2025-12-12 12:57:41,1.1.1.1,GigabitEthernet0/0,2.254,5.331,3.0771,3.0771,79,76,3,3.79746835443038,7.711228571440044,4.694223403930664,19.208431243896484,4.0,16.0,2.251,7.341,11.331,15.609
384,2025-12-12 12:58:05,1.1.1.1,GigabitEthernet0/0,2.303,6.395,4.092,4.092,85,81,4,4.705882352941177,7.1916727372157725,4.716396331787109,12.124776840209961,3.0,8.0,1.301,6.954,9.229,11.108
385,2025-12-12 12:58:30,1.1.1.1,GigabitEthernet0/0,2.231,5.301,3.0707,3.0707,81,78,3,3.7037037037037033,8.179126641689203,4.166603088378906,16.3421630859375,2.0,16.0,2.362,7.765,12.129,15.352
386,2025-12-12 12:58:54,1.1.1.1,GigabitEthernet0/0,2.253,5.332,3.0793,3.0793,78,75,3,3.8461538461538463,7.25067138671875,3.6017894744873047,12.870311737060547,2.0,13.0,1.732,7.111,10.083,12.451
387,2025-12-12 12:59:17,1.1.1.1,GigabitEthernet0/0,2.3,6.38,4.0801,4.0801,94,90,4,4.25531914893617,7.434240976969401,4.594326019287109,16.556978225708008,5.0,11.0,1.768,7.098,9.916,12.301
388,2025-12-12 12:59:42,1.1.1.1,GigabitEthernet0/0,2.274,6.389,4.1146,4.1146,81,77,4,4.938271604938271,7.521443552785105,5.367279052734375,15.827178955078125,2.0,12.0,1.753,7.122,9.773,15.203
389,2025-12-12 13:00:07,1.1.1.1,GigabitEthernet0/0,2.302,5.387,3.0853,3.0853,80,77,3,3.75,8.309494365345348,4.462003707885742,28.125286102294922,3.0,16.0,3.417,7.656,12.282,21.996
390,2025-12-12 13:00:31,1.1.1.1,GigabitEthernet0/0,2.244,5.334,3.0899,3.0899,79,76,3,3.79746835443038,8.13055665869462,4.93168830871582,14.201641082763672,3.0,15.0,2.012,7.899,12.019,13.822
391,2025-12-12 13:00:55,1.1.1.1,GigabitEthernet0/0,2.32,5.389,3.0691,3.0691,81,78,3,3.7037037037037033,7.671233935233874,4.888772964477539,12.07733154296875,2.0,16.0,1.331,7.588,9.904,10.66
392,2025-12-12 13:01:19,1.1.1.1,GigabitEthernet0/0,2.319,6.419,4.1002,4.1002,79,75,4,5.063291139240507,9.835923512776693,4.650592803955078,34.06167030334473,2.0,12.0,5.807,8.049,20.791,32.437
393,2025-12-12 13:01:44,1.1.1.1,GigabitEthernet0/0,2.272,5.335,3.0629,3.0629,75,72,3,4.0,9.829726484086779,4.919528961181641,30.66849708557129,3.0,14.0,6.075,7.775,23.442,29.44
394,2025-12-12 13:02:07,1.1.1.1,GigabitEthernet0/0,2.334,5.396,3.0627,3.0627,84,81,3,3.571428571428571,8.047345243854288,5.272388458251953,15.574455261230469,3.0,12.0,1.97,7.601,11.296,12.634
395,2025-12-12 13:02:31,1.1.1.1,GigabitEthernet0/0,2.272,5.35,3.0783,3.0783,80,77,3,3.75,9.044018658724697,4.06193733215332,35.408973693847656,3.0,15.0,5.83,7.16,20.799,34.383
396,2025-12-12 13:02:55,1.1.1.1,GigabitEthernet0/0,2.256,3.271,1.0152,1.0152,79,78,1,1.2658227848101267,8.119048216404058,0,16.405344009399414,2.0,,2.458,7.577,13.96,15.358
397,2025-12-12 13:03:17,1.1.1.1,GigabitEthernet0/0,0.647,1.671,1.0236,1.0236,35,34,1,2.857142857142857,7.218234679278205,4.626274108886719,10.290861129760742,,,1.384,7.02,9.352,9.442
398,2025-12-12 13:03:38,1.1.1.1,GigabitEthernet0/0,0.695,1.724,1.0289,1.0289,34,33,1,2.941176470588235,8.695732463489879,4.541873931884766,31.004667282104492,,,5.093,7.214,14.529,21.435
399,2025-12-12 13:03:58,1.1.1.1,GigabitEthernet0/0,2.365,5.448,3.083,3.083,87,84,3,3.4482758620689653,9.086799053918748,4.042625427246094,30.569791793823242,,18.0,5.629,7.04,22.143,27.626
400,2025-12-12 13:04:22,1.1.1.1,GigabitEthernet0/0,2.263,5.317,3.0544,3.0544,83,80,3,3.614457831325301,7.873636484146118,4.446983337402344,13.243675231933594,1.0,16.0,1.945,7.632,12.316,12.718
401,2025-12-12 13:04:46,1.1.1.1,GigabitEthernet0/0,2.264,5.343,3.0794,3.0794,82,79,3,3.6585365853658534,7.547411737562735,4.6539306640625,25.428295135498047,2.0,14.0,3.428,6.829,13.151,20.959
402,2025-12-12 13:05:10,1.1.1.1,GigabitEthernet0/0,2.312,5.394,3.0818,3.0818,85,82,3,3.5294117647058822,7.104548012338033,4.269599914550781,15.816450119018555,2.0,15.0,1.955,6.595,9.428,14.368
403,2025-12-12 13:05:34,1.1.1.1,GigabitEthernet0/0,2.304,5.372,3.0679,3.0679,79,76,3,3.79746835443038,9.090605535005269,3.9496421813964844,29.086589813232422,2.0,13.0,4.396,7.747,18.101,24.402
404,2025-12-12 13:05:58,1.1.1.1,GigabitEthernet0/0,2.239,5.305,3.0664,3.0664,77,74,3,3.896103896103896,8.321336797765783,4.67991828918457,21.317720413208008,3.0,16.0,3.503,7.405,16.5,21.161
405,2025-12-12 13:06:22,1.1.1.1,GigabitEthernet0/0,2.367,5.445,3.0775,3.0775,83,80,3,3.614457831325301,9.108749032020569,5.368709564208984,19.736051559448242,2.0,11.0,2.699,8.485,13.799,16.49
406,2025-12-12 13:06:45,1.1.1.1,GigabitEthernet0/0,2.286,6.359,4.0729,4.0729,92,88,4,4.3478260869565215,7.96431844884699,4.48155403137207,16.710996627807617,3.0,14.0,2.334,7.35,12.687,14.447
407,2025-12-12 13:07:10,1.1.1.1,GigabitEthernet0/0,2.344,6.454,4.1104,4.1104,84,80,4,4.761904761904762,8.147245645523071,4.312038421630859,19.247770309448242,2.0,15.0,2.698,7.726,12.436,18.782
408,2025-12-12 13:07:35,1.1.1.1,GigabitEthernet0/0,2.304,6.384,4.0799,4.0799,77,73,4,5.194805194805195,10.603160074312393,4.657745361328125,41.91398620605469,2.0,12.0,6.671,8.775,18.999,37.828
409,2025-12-12 13:08:00,1.1.1.1,GigabitEthernet0/0,2.257,6.363,4.1059,4.1059,82,78,4,4.878048780487805,8.304916895352877,4.152536392211914,14.316082000732422,3.0,7.0,1.795,8.343,11.365,11.837
410,2025-12-12 13:08:25,1.1.1.1,GigabitEthernet0/0,2.317,5.378,3.0606,3.0606,85,82,3,3.5294117647058822,7.617866120687345,5.055427551269531,11.532306671142578,1.0,16.0,1.602,7.456,10.679,11.327
411,2025-12-12 13:08:48,1.1.1.1,GigabitEthernet0/0,2.587,6.661,4.0747,4.0747,91,87,4,4.395604395604396,8.6711878064035,4.188060760498047,37.79411315917969,2.0,16.0,4.102,7.83,13.564,20.393
412,2025-12-12 13:09:14,1.1.1.1,GigabitEthernet0/0,2.388,6.491,4.1033,4.1033,83,79,4,4.819277108433735,9.30393194850487,5.243778228759766,30.34067153930664,3.0,9.0,5.044,7.938,20.761,29.106
413,2025-12-12 13:09:39,1.1.1.1,GigabitEthernet0/0,2.23,5.302,3.0719,3.0719,80,77,3,3.75,8.14888384435084,3.9343833923339844,20.570039749145508,2.0,14.0,3.268,7.169,14.699,20.15
414,2025-12-12 13:10:02,1.1.1.1,GigabitEthernet0/0,2.219,5.308,3.0894,3.0894,80,77,3,3.75,7.650824336262493,4.675626754760742,18.30124855041504,5.0,11.0,2.251,6.987,11.982,13.347
415,2025-12-12 13:10:26,1.1.1.1,GigabitEthernet0/0,2.256,6.37,4.1134,4.1134,81,77,4,4.938271604938271,8.167047005195123,5.051851272583008,16.70241355895996,3.0,10.0,2.17,7.621,13.021,14.596
416,2025-12-12 13:10:51,1.1.1.1,GigabitEthernet0/0,2.289,6.369,4.0801,4.0801,82,78,4,4.878048780487805,8.597089694096493,4.608154296875,19.6225643157959,3.0,14.0,2.962,7.907,14.777,16.757
417,2025-12-12 13:11:15,1.1.1.1,GigabitEthernet0/0,2.236,5.321,3.0855,3.0855,80,77,3,3.75,8.119152737902356,4.588603973388672,15.684127807617188,4.0,12.0,2.3,7.274,12.387,14.862
418,2025-12-12 13:11:40,1.1.1.1,GigabitEthernet0/0,2.282,5.342,3.0608,3.0608,80,77,3,3.75,9.426482312090986,5.141735076904297,22.359848022460938,3.0,14.0,2.766,8.743,13.108,19.399
419,2025-12-12 13:12:03,1.1.1.1,GigabitEthernet0/0,2.252,5.322,3.0698,3.0698,79,76,3,3.79746835443038,8.5540257002178,4.209280014038086,20.37811279296875,2.0,14.0,2.945,7.727,14.362,16.894
420,2025-12-12 13:12:27,1.1.1.1,GigabitEthernet0/0,2.278,6.371,4.0925,4.0925,85,81,4,4.705882352941177,7.352773054146472,4.671335220336914,12.946844100952148,2.0,10.0,1.66,7.043,10.07,11.781
421,2025-12-12 13:12:52,1.1.1.1,GigabitEthernet0/0,2.255,3.282,1.0271,1.0271,79,78,1,1.2658227848101267,7.964739432701697,0,24.179458618164062,1.0,,2.95,7.529,11.24,16.02
422,2025-12-12 13:13:14,1.1.1.1,GigabitEthernet0/0,2.303,6.414,4.1111,4.1111,87,83,4,4.597701149425287,6.896340703389731,4.50897216796875,13.958930969238281,1.0,12.0,1.546,6.626,8.724,12.954
423,2025-12-12 13:13:39,1.1.1.1,GigabitEthernet0/0,2.262,5.341,3.0791,3.0791,82,79,3,3.6585365853658534,6.889572626427759,4.487514495849609,13.492345809936523,3.0,15.0,1.395,6.587,9.032,11.911
424,2025-12-12 13:14:03,1.1.1.1,GigabitEthernet0/0,2.378,5.466,3.0875,3.0875,83,80,3,3.614457831325301,9.040510654449463,4.249334335327148,31.15367889404297,2.0,14.0,4.953,7.561,21.135,30.426
425,2025-12-12 13:14:27,1.1.1.1,GigabitEthernet0/0,2.263,6.354,4.0902,4.0902,81,77,4,4.938271604938271,7.565176332151735,4.281282424926758,14.344453811645508,4.0,13.0,1.814,7.262,10.269,12.506
426,2025-12-12 13:14:52,1.1.1.1,GigabitEthernet0/0,2.261,5.326,3.0651,3.0651,80,77,3,3.75,7.650078117073356,4.369258880615234,23.86617660522461,3.0,11.0,3.423,6.547,13.601,21.069
427,2025-12-12 13:15:15,1.1.1.1,GigabitEthernet0/0,2.296,6.379,4.0826,4.0826,82,78,4,4.878048780487805,8.624880741804073,4.539251327514648,28.104543685913086,0.0,15.0,3.657,7.73,13.544,22.735
428,2025-12-12 13:15:40,1.1.1.1,GigabitEthernet0/0,2.275,5.335,3.0604,3.0604,82,79,3,3.6585365853658534,7.550115826763684,4.578828811645508,12.822389602661133,2.0,11.0,1.82,7.14,11.41,12.293
429,2025-12-12 13:16:04,1.1.1.1,GigabitEthernet0/0,2.309,6.415,4.1056,4.1056,82,78,4,4.878048780487805,7.6400347245045195,4.767656326293945,16.780853271484375,2.0,18.0,2.298,7.15,11.669,15.947
430,2025-12-12 13:16:29,1.1.1.1,GigabitEthernet0/0,2.296,6.384,4.0873,4.0873,77,73,4,5.194805194805195,11.663832076608319,5.576848983764648,64.5284652709961,8.0,16.0,7.689,9.816,19.924,29.014
431,2025-12-12 13:16:53,1.1.1.1,GigabitEthernet0/0,2.271,6.345,4.0738,4.0738,83,79,4,4.819277108433735,8.66802432869054,5.072355270385742,17.410755157470703,2.0,8.0,2.723,7.956,15.365,16.776
432,2025-12-12 13:17:18,1.1.1.1,GigabitEthernet0/0,2.268,5.35,3.0819,3.0819,78,75,3,3.8461538461538463,8.840341567993164,5.0754547119140625,21.424293518066406,3.0,15.0,3.479,7.737,15.51,21.284
433,2025-12-12 13:17:42,1.1.1.1,GigabitEthernet0/0,2.272,5.337,3.065,3.065,81,78,3,3.7037037037037033,7.9611723239605245,5.28264045715332,16.52693748474121,1.0,10.0,2.021,7.505,11.065,14.906
434,2025-12-12 13:18:06,1.1.1.1,GigabitEthernet0/0,2.348,6.433,4.0859,4.0859,85,81,4,4.705882352941177,8.212613470760392,5.026578903198242,15.779733657836914,2.0,15.0,2.268,7.66,12.826,15.545
435,2025-12-12 13:18:31,1.1.1.1,GigabitEthernet0/0,2.287,6.397,4.1103,4.1103,79,75,4,5.063291139240507,8.106222152709961,5.19108772277832,19.056320190429688,3.0,18.0,2.157,7.744,10.59,15.508
436,2025-12-12 13:18:56,1.1.1.1,GigabitEthernet0/0,2.281,5.366,3.0848,3.0848,79,76,3,3.79746835443038,8.534616545626992,4.578113555908203,20.87259292602539,1.0,10.0,2.456,8.193,12.301,15.137
437,2025-12-12 13:19:19,1.1.1.1,GigabitEthernet0/0,2.299,6.387,4.0879,4.0879,82,78,4,4.878048780487805,9.122784321124737,4.151344299316406,33.29610824584961,1.0,14.0,6.021,7.075,23.398,29.945
438,2025-12-12 13:19:44,1.1.1.1,GigabitEthernet0/0,2.26,5.326,3.0662,3.0662,77,74,3,3.896103896103896,9.609377061998522,4.485607147216797,40.307044982910156,3.0,11.0,5.452,8.177,17.741,29.944
439,2025-12-12 13:20:08,1.1.1.1,GigabitEthernet0/0,2.285,5.351,3.0667,3.0667,83,80,3,3.614457831325301,8.520492911338806,4.185914993286133,17.499208450317383,2.0,17.0,2.561,7.983,12.576,16.141
440,2025-12-12 13:20:32,1.1.1.1,GigabitEthernet0/0,2.282,5.345,3.0634,3.0634,78,75,3,3.8461538461538463,7.868871688842773,5.298376083374023,28.693437576293945,1.0,12.0,3.438,7.317,11.802,19.129
441,2025-12-12 13:20:56,1.1.1.1,GigabitEthernet0/0,2.269,5.333,3.0643,3.0643,83,80,3,3.614457831325301,7.829907536506653,5.013465881347656,15.383481979370117,2.0,13.0,1.76,7.548,10.345,15.254
442,2025-12-12 13:21:19,1.1.1.1,GigabitEthernet0/0,2.328,5.402,3.0743,3.0743,84,81,3,3.571428571428571,8.047589549311885,4.852056503295898,16.909360885620117,2.0,14.0,2.107,7.601,11.715,12.539
443,2025-12-12 13:21:43,1.1.1.1,GigabitEthernet0/0,2.296,5.359,3.0632,3.0632,84,81,3,3.571428571428571,7.362380439852491,4.846811294555664,18.551111221313477,2.0,9.0,2.091,6.736,9.423,14.894
444,2025-12-12 13:22:07,1.1.1.1,GigabitEthernet0/0,2.272,6.343,4.0704,4.0704,81,77,4,4.938271604938271,8.084083532358145,4.016876220703125,18.44191551208496,2.0,11.0,2.706,7.402,12.398,17.06
445,2025-12-12 13:22:32,1.1.1.1,GigabitEthernet0/0,2.26,6.336,4.0755,4.0755,84,80,4,4.761904761904762,6.985577940940857,3.941059112548828,12.227535247802734,2.0,10.0,1.529,6.686,10.253,10.716
446,2025-12-12 13:22:57,1.1.1.1,GigabitEthernet0/0,2.273,6.385,4.1127,4.1127,82,78,4,4.878048780487805,7.537979346055251,4.511356353759766,15.380859375,3.0,11.0,1.744,7.311,10.445,11.53
447,2025-12-12 13:23:21,1.1.1.1,GigabitEthernet0/0,2.254,6.326,4.0721,4.0721,90,86,4,4.444444444444445,7.744861203570698,4.534006118774414,17.86184310913086,3.0,10.0,2.289,7.189,12.103,14.861
448,2025-12-12 13:23:46,1.1.1.1,GigabitEthernet0/0,2.293,6.392,4.0995,4.0995,83,79,4,4.819277108433735,7.0152524151379545,4.756450653076172,20.66326141357422,3.0,17.0,1.966,6.804,9.168,10.572
449,2025-12-12 13:24:11,1.1.1.1,GigabitEthernet0/0,2.277,5.363,3.0862,3.0862,81,78,3,3.7037037037037033,8.731817587828024,5.028009414672852,33.22958946228027,5.0,12.0,4.775,7.381,16.531,24.949
450,2025-12-12 13:24:35,1.1.1.1,GigabitEthernet0/0,2.275,5.345,3.07,3.07,83,80,3,3.614457831325301,7.548817992210388,4.738092422485352,12.709379196166992,1.0,12.0,1.602,7.347,10.309,12.587
451,2025-12-12 13:24:59,1.1.1.1,GigabitEthernet0/0,2.275,5.34,3.0656,3.0656,77,74,3,3.896103896103896,9.267662022564862,4.881143569946289,28.380632400512695,1.0,13.0,5.368,7.36,23.432,26.751
452,2025-12-12 13:25:23,1.1.1.1,GigabitEthernet0/0,2.28,5.364,3.0847,3.0847,82,79,3,3.6585365853658534,7.243898850453051,4.239797592163086,19.0279483795166,5.0,13.0,1.943,6.938,9.554,11.684
453,2025-12-12 13:25:47,1.1.1.1,GigabitEthernet0/0,2.288,5.367,3.0787,3.0787,84,81,3,3.571428571428571,7.466266184677313,4.214286804199219,17.22240447998047,3.0,14.0,2.279,6.888,11.237,14.386
454,2025-12-12 13:26:10,1.1.1.1,GigabitEthernet0/0,2.247,6.352,4.1053,4.1053,81,77,4,4.938271604938271,8.079853924837979,4.6291351318359375,18.807411193847656,2.0,9.0,2.567,7.629,12.433,15.906
455,2025-12-12 13:26:35,1.1.1.1,GigabitEthernet0/0,2.264,5.344,3.0806,3.0806,80,77,3,3.75,8.163000082040762,4.964351654052734,17.188549041748047,3.0,14.0,2.176,7.8,11.816,14.181
456,2025-12-12 13:26:59,1.1.1.1,GigabitEthernet0/0,2.266,5.35,3.0833,3.0833,81,78,3,3.7037037037037033,7.82317075973902,5.236625671386719,14.153718948364258,2.0,10.0,1.774,7.389,11.68,13.491
457,2025-12-12 13:27:23,1.1.1.1,GigabitEthernet0/0,2.274,6.358,4.0838,4.0838,79,75,4,5.063291139240507,8.693046569824219,4.734277725219727,28.904199600219727,2.0,9.0,4.463,7.649,20.727,24.991
458,2025-12-12 13:27:47,1.1.1.1,GigabitEthernet0/0,2.283,5.347,3.0641,3.0641,84,81,3,3.571428571428571,7.353688463752652,4.530906677246094,11.736631393432617,2.0,13.0,1.5,7.108,9.822,11.181
459,2025-12-12 13:28:11,1.1.1.1,GigabitEthernet0/0,2.254,5.338,3.0838,3.0838,83,80,3,3.614457831325301,7.203713059425354,4.14729118347168,13.562679290771484,1.0,11.0,1.681,6.936,10.537,12.392
460,2025-12-12 13:28:35,1.1.1.1,GigabitEthernet0/0,2.253,6.366,4.1131,4.1131,82,78,4,4.878048780487805,7.869787705250276,3.894329071044922,22.558212280273438,5.0,11.0,2.456,7.476,11.207,12.818
461,2025-12-12 13:29:00,1.1.1.1,GigabitEthernet0/0,2.227,6.323,4.0959,4.0959,80,76,4,5.0,7.115514654862253,4.279375076293945,11.470556259155273,3.0,8.0,1.453,6.877,9.357,10.64
462,2025-12-12 13:29:25,1.1.1.1,GigabitEthernet0/0,2.331,5.407,3.0761,3.0761,77,74,3,3.896103896103896,10.012604094840384,4.840612411499023,74.7535228729248,2.0,14.0,8.983,7.544,21.061,32.272
463,2025-12-12 13:29:49,1.1.1.1,GigabitEthernet0/0,2.265,6.381,4.116,4.116,78,74,4,5.128205128205128,9.715689195168984,4.57763671875,32.799720764160156,2.0,10.0,6.239,7.193,23.259,29.901
464,2025-12-12 13:30:14,1.1.1.1,GigabitEthernet0/0,2.267,5.342,3.0743,3.0743,78,75,3,3.8461538461538463,7.739693323771159,4.950761795043945,20.514249801635742,1.0,12.0,2.238,7.239,11.052,12.285
465,2025-12-12 13:30:37,1.1.1.1,GigabitEthernet0/0,2.26,5.334,3.0739,3.0739,82,79,3,3.6585365853658534,7.557039019427722,4.749774932861328,24.305343627929688,4.0,14.0,3.033,6.868,11.355,22.082
466,2025-12-12 13:31:01,1.1.1.1,GigabitEthernet0/0,2.325,5.396,3.0706,3.0706,85,82,3,3.5294117647058822,6.95811539161496,4.38237190246582,23.585796356201172,3.0,16.0,2.284,6.761,9.203,12.877
467,2025-12-12 13:31:25,1.1.1.1,GigabitEthernet0/0,2.333,5.417,3.0835,3.0835,87,84,3,3.4482758620689653,7.657366139548166,4.071712493896484,18.00060272216797,1.0,9.0,2.489,7.027,13.08,14.572
468,2025-12-12 13:31:49,1.1.1.1,GigabitEthernet0/0,2.272,6.381,4.1081,4.1081,85,81,4,4.705882352941177,6.394506972513081,4.337072372436523,10.097026824951172,2.0,14.0,1.096,6.268,8.153,9.345
469,2025-12-12 13:32:13,1.1.1.1,GigabitEthernet0/0,2.324,6.428,4.1038,4.1038,83,79,4,4.819277108433735,8.667067636417437,4.569053649902344,24.127483367919922,6.0,11.0,4.036,7.315,16.865,21.992
470,2025-12-12 13:32:38,1.1.1.1,GigabitEthernet0/0,2.334,5.407,3.073,3.073,89,86,3,3.3707865168539324,6.7831499632014784,4.28009033203125,19.5920467376709,1.0,10.0,2.03,6.567,8.615,14.777
471,2025-12-12 13:33:02,1.1.1.1,GigabitEthernet0/0,2.254,5.327,3.0724,3.0724,79,76,3,3.79746835443038,7.036428702505011,4.564523696899414,15.184402465820312,3.0,16.0,1.554,6.84,9.284,10.423
472,2025-12-12 13:33:26,1.1.1.1,GigabitEthernet0/0,2.268,5.333,3.0649,3.0649,83,80,3,3.614457831325301,7.399865984916687,4.424095153808594,15.798330307006836,2.0,14.0,1.875,7.003,9.602,15.151
473,2025-12-12 13:33:50,1.1.1.1,GigabitEthernet0/0,2.266,5.357,3.0907,3.0907,80,77,3,3.75,7.22050666809082,4.805803298950195,13.87929916381836,2.0,9.0,1.5,7.021,9.737,10.573
474,2025-12-12 13:34:14,1.1.1.1,GigabitEthernet0/0,2.29,5.369,3.0793,3.0793,81,78,3,3.7037037037037033,7.009689624492939,3.732919692993164,14.10818099975586,1.0,13.0,1.65,6.962,9.396,12.47
475,2025-12-12 13:34:37,1.1.1.1,GigabitEthernet0/0,2.261,5.344,3.0832,3.0832,81,78,3,3.7037037037037033,6.931549463516626,4.094123840332031,14.462709426879883,1.0,10.0,1.555,6.812,8.967,11.561
476,2025-12-12 13:35:01,1.1.1.1,GigabitEthernet0/0,2.246,5.336,3.0902,3.0902,78,75,3,3.8461538461538463,7.622369130452474,4.489898681640625,28.36155891418457,2.0,12.0,3.414,6.955,11.451,20.817
477,2025-12-12 13:35:25,1.1.1.1,GigabitEthernet0/0,2.319,6.428,4.1089,4.1089,81,77,4,4.938271604938271,8.768793824431183,4.896402359008789,34.31510925292969,1.0,10.0,4.681,7.552,15.142,24.879
478,2025-12-12 13:35:50,1.1.1.1,GigabitEthernet0/0,2.293,5.35,3.0574,3.0574,82,79,3,3.6585365853658534,7.312563401234301,4.218816757202148,29.618024826049805,2.0,15.0,2.799,6.85,9.467,10.624
479,2025-12-12 13:36:14,1.1.1.1,GigabitEthernet0/0,2.247,5.329,3.0819,3.0819,78,75,3,3.8461538461538463,8.846410115559896,3.9625167846679688,23.907184600830078,2.0,12.0,4.511,7.538,19.75,23.79
480,2025-12-12 13:36:38,1.1.1.1,GigabitEthernet0/0,2.274,5.342,3.0683,3.0683,85,82,3,3.5294117647058822,7.129523812270746,4.54258918762207,11.994123458862305,2.0,10.0,1.41,7.057,9.615,10.438
481,2025-12-12 13:37:01,1.1.1.1,GigabitEthernet0/0,2.298,5.374,3.0759,3.0759,81,78,3,3.7037037037037033,8.022938019190079,3.5452842712402344,16.761302947998047,2.0,15.0,2.574,7.395,13.018,15.484
482,2025-12-12 13:37:25,1.1.1.1,GigabitEthernet0/0,2.253,5.325,3.0719,3.0719,79,76,3,3.79746835443038,6.864146182411595,4.563331604003906,11.624574661254883,2.0,12.0,1.243,6.624,8.965,10.115
483,2025-12-12 13:37:49,1.1.1.1,GigabitEthernet0/0,2.271,6.383,4.1114,4.1114,83,79,4,4.819277108433735,8.047963999494721,4.738330841064453,16.069412231445312,5.0,12.0,2.273,7.591,11.821,14.313
484,2025-12-12 13:38:14,1.1.1.1,GigabitEthernet0/0,2.254,5.342,3.0875,3.0875,84,81,3,3.571428571428571,7.091563424946349,3.9076805114746094,12.315988540649414,1.0,10.0,1.613,6.808,9.119,12.176
485,2025-12-12 13:38:37,1.1.1.1,GigabitEthernet0/0,2.262,5.339,3.0774,3.0774,80,77,3,3.75,7.768891074440696,4.4956207275390625,33.38479995727539,3.0,12.0,3.616,7.228,11.034,17.924
486,2025-12-12 13:39:01,1.1.1.1,GigabitEthernet0/0,2.273,5.353,3.08,3.08,82,79,3,3.6585365853658534,7.350185249425188,4.483222961425781,18.616437911987305,2.0,14.0,1.927,6.941,9.592,13.348
487,2025-12-12 13:39:25,1.1.1.1,GigabitEthernet0/0,2.256,5.319,3.0628,3.0628,78,75,3,3.8461538461538463,7.722358703613281,4.79435920715332,14.726400375366211,3.0,12.0,2.357,7.011,13.682,14.503
488,2025-12-12 13:39:49,1.1.1.1,GigabitEthernet0/0,2.277,5.349,3.072,3.072,85,82,3,3.5294117647058822,7.227502218106898,4.5528411865234375,12.452363967895508,2.0,14.0,1.591,6.927,9.561,12.062
489,2025-12-12 13:40:12,1.1.1.1,GigabitEthernet0/0,2.303,6.402,4.0988,4.0988,86,82,4,4.651162790697675,7.588781961580602,3.9467811584472656,12.894868850708008,1.0,8.0,1.971,7.114,10.632,12.624
490,2025-12-12 13:40:37,1.1.1.1,GigabitEthernet0/0,2.301,5.37,3.0692,3.0692,84,81,3,3.571428571428571,7.560279634263781,4.39143180847168,21.712541580200195,4.0,12.0,2.254,7.078,10.543,13.134
491,2025-12-12 13:41:01,1.1.1.1,GigabitEthernet0/0,2.27,6.376,4.1065,4.1065,82,78,4,4.878048780487805,8.332154689691006,4.7130584716796875,32.88531303405762,5.0,12.0,5.129,7.195,14.423,30.215
492,2025-12-12 13:41:26,1.1.1.1,GigabitEthernet0/0,2.246,5.334,3.0883,3.0883,78,75,3,3.8461538461538463,9.03925895690918,4.186868667602539,23.8649845123291,1.0,8.0,3.551,8.274,16.04,19.331
493,2025-12-12 13:41:49,1.1.1.1,GigabitEthernet0/0,2.259,5.343,3.0833,3.0833,78,75,3,3.8461538461538463,8.127164840698242,3.9136409759521484,30.73430061340332,1.0,13.0,3.985,6.904,14.546,22.403
494,2025-12-12 13:42:13,1.1.1.1,GigabitEthernet0/0,2.309,5.384,3.0749,3.0749,83,80,3,3.614457831325301,7.612809538841248,4.113912582397461,24.938583374023438,2.0,13.0,3.146,7.063,10.24,19.922
495,2025-12-12 13:42:37,1.1.1.1,GigabitEthernet0/0,2.326,5.398,3.0725,3.0725,79,76,3,3.79746835443038,8.051360908307528,4.91642951965332,16.92056655883789,3.0,12.0,2.484,7.234,12.324,16.606
496,2025-12-12 13:43:01,1.1.1.1,GigabitEthernet0/0,2.286,6.392,4.1056,4.1056,86,82,4,4.651162790697675,7.395997280027808,4.418134689331055,13.625621795654297,3.0,15.0,1.658,7.223,10.378,11.657
497,2025-12-12 13:43:26,1.1.1.1,GigabitEthernet0/0,2.346,5.413,3.0661,3.0661,84,81,3,3.571428571428571,7.971007146953065,4.361391067504883,21.84128761291504,2.0,15.0,3.28,7.136,13.59,20.662
498,2025-12-12 13:43:49,1.1.1.1,GigabitEthernet0/0,2.281,6.383,4.1019,4.1019,85,81,4,4.705882352941177,7.196485260386526,4.806756973266602,13.427495956420898,1.0,15.0,1.682,7.011,9.919,13.125
499,2025-12-12 13:44:14,1.1.1.1,GigabitEthernet0/0,2.261,6.353,4.0923,4.0923,80,76,4,5.0,6.989874337848864,4.5604705810546875,11.925220489501953,2.0,9.0,1.284,6.859,8.958,10.064
500,2025-12-12 13:44:39,1.1.1.1,GigabitEthernet0/0,2.308,5.372,3.0636,3.0636,82,79,3,3.6585365853658534,7.9543681084355224,4.210710525512695,37.34421730041504,3.0,12.0,4.455,7.099,13.147,26.603
